tema,pavadinimas,tekstas,url
sportas,Lietuvos dailiojo čiuožimo žvaigždė nusprendė atstovauti kitai šaliai,"Viena ryškiausių Lietuvos dailiojo čiuožimo atstovių Aleksandra Golovkina -Dolinskė pranešė nuo šiol atstovausianti Didžiajai Britanijai. Pasak 27-erių sportininkės šį sprendimą lėmė nesutarimai su Lietuvos dailiojo čiuožimo federacijos vadovais. Nuo šiol nebeatstovausiu Lietuvai - šiuo metu vyksta mano perėjimo procesas į Didžiosios Britanijos federaciją. 22 metus čiuožiau po Lietuvos vėliava ir visada tuo labai didžiavausi - man nuoširdžiai gaila, kad nebeatstovausiu savo šaliai. Šis šalies keitimas yra susiklosčiusios situacijos su Lietuvos čiuožimo federacija pasekmė. Mano ir federacijos požiūriai į mano tolimesnę karjerą išsiskyrė, - ilgą įrašą pradėjo sportininkė. Ji teigė, kad sprendimą lėmė federacijos sprendimas praėjusių metų vasarį nutraukti jos finansavimą. Tuo metu ji buvo traumuota, bet tarp Lietuvos pavienininkių fiksavo geriausius rezultatus ir buvo viena iš trijų kandidačių į šių metų Milano-Kortinos žiemos žaidynes. Vis tik čiuožėja teigė atsimušusi į federacijos vadovų nusiteikimą, kad jos karjera - nebeverta finansavimo. Delfi susisiekė su federacijos vadovu Vytautu Jasučiu, tačiau organizacijos poziciją ketinama pateikti po Lietuvos čiuožimo federacijos prezidento rinkimų, vyksiančių gegužės 13 d. Didžiąją Britaniją ji pasirinko neatsitiktinai - čia jau aštuonerius metu gyvena, treniruojasi ir dirba trenere.",https://www.delfi.lt/sportas/kitos-sporto-sakos/lietuvos-dailiojo-ciuozimo-zvaigzde-nusprende-atstovauti-kitai-saliai-120242721
sportas,"Jasikevičius – apie Sargiūną, (ne)pavojingas atostogas ir savo vaikų pilietybes","Šarūnas Jasikevičius tvirtina nusiteikęs šaltai, nors aplinkiniams nelengva patikėti, kad Eurolygos čempionų vairininko visai nejaudina akistata su ypatingu varžovu. 2019-aisiais Šaras atvedė Kauno Žalgirį į Stambulą ketvirtfinalio serijai su Željko Obradovičiumi. Kas tuomet būtų pagalvojęs, kad pats kaunietis vėliau savotiškai atsidurs savo mokytojo kailyje. Viena vertus, dabar jau pats Š. Jasikevičius treniruoja Fenerbahče ir laukia atvykstant Žalgirio. Papildoma potekstė - svečiai iš Kauno prisistatys su ilgamečiu Š. Jasikevičiaus asistentu priešakyje. Bet prieš krepšinio šachmatų partiją su Tomu Masiuliu geltonųjų strategas bando griežtai kontroliuoti jausmus. Ši serija ypatinga tuo, kad visus šitus dalykus reikia pastumti į šoną ir daryti savo darbą. Turiu pasakyti, kad žiūriu į tai netgi šaltai. Daug šnekų apie nieką, o darbas yra darbas, ir kas jį padarys geriau, tiems ir bus geriau. Dėmesio, emocijų, visko daugiau, bet esmė nesikeičia, - pirmųjų rungtynių išvakarėse kalbėjo Š. Jasikevičius. Kaip Žalgiris reguliaraus sezono pabaigoje stryktelėjo aukštyn, taip titulą ginantys čempionai nudardėjo nuo turnyro lentelės viršūnės per keletą pakopų. Kelią iš traumų minų lauko turkai jau rado - pirmadienį Ulker Sports arenoje treniravosi visa pagrindinė sudėtis. Dabar reikia susigrąžinti ir kelis mėnesius Eurolygoje tempą diktavusį žaidimo ritmą. Priežasčių, niuansų buvo daug, bet prieš šią seriją turėjome laiko pailsėti, pasiruošti. Prieš tai penkias savaites iš eilės keliavome, manau, tai irgi buvo vienas blogo periodo faktorių. Tikime savo komanda, žinome, ką galime. Ateina laikas tai parodyti, žiūrėsime, ar pavyks. Tiek ir naudos iš tos patirties, jei neperkeli jos į aikštę. Aišku, varžovas - tikrai stiprus, - komentavo Š. Jasikevičius. Praėjusį mėnesį 50-metį šventęs specialistas pasidalino nerimu dėl dviejų savo atžalų ateities, papasakojo, kaip ilsėjosi Irano apšaudytame Dubajuje, įvertino ir gandų į Stambulą genamą dar vieną lietuvį. - Ar reikia naktimis nemiegoti laužant galvą, kokiu ėjimu būtų galima įgnybti taip gerai pažįstamam oponentui? - Delfi paklausė Š. Jasikevičiaus - Taip, variantų yra, vis dėlto dviračio per tiek laiko neišrasi. Pagalvoti reikia, prisitaikyti, bet visuma lieka, ir galiausiai rezultatą lemia pora nesustabdytų greitų atakų, pora neatsitvertų varžovų, pora laiku nepadarytų pražangų. Žiūri, kad iš to jau susideda dešimt taškų, o tiek per atkrintamąsias varžybas nebeatloši . - Apsidžiaugėte įvertinimu, kurio susilaukė T. Masiulis, užėmęs antrą vietą geriausio Eurolygos reguliaraus sezono trenerio rinkimuose? - Faktas, kad labai smagu. Draugams norisi kuo geriausios kloties. Prieš sezoną daug kas dvejojo dėl Tomo, bet aš - ne. Jo komanda tikrai labai gerai suburta: lygi, universali sudėtis. Kai pagalvoji, kiekvienas žaidėjas vis kažkuo skirtingas, o universalumas šiuolaikiniame krepšinyje lemia labai daug. - Kalbant apie trenerius, kaip vertinate Dubai sprendimą atleisti vyriausiąjį trenerį Juricą Golemacą likus turui iki reguliaraus sezono pabaigos? - Visų pirma, labai skaudu, jis - geras mano draugas. Draugaujame jau labai seniai, ir šiemet man viešint Dubajuje praleidome kartu daug laiko. Iš kitos pusės, gal labai daug kalbėti šia tema nereikėtų. - Patiko atostogos Dubajuje, kurios netikėtai užsitęsė dėl prasidėjusio Irano bombardavimo? - Patiko, užsitęsė tik diena. Norėjau ilgiau ten likti, nes nieko baisaus aš ten nemačiau. Nenoriu pasirodyti kažkoks visai šaltas, mačiau ir kitokių vaizdų internete. O aš gulėjau paplūdimyje ir viskas man buvo gerai. - O kalbant apie tuos, kurie paplūdimyje negulėjo, Mantas Kalnietis sekmadienį nubėgo pirmą savo maratoną. Gal ir jūs kada nors bandysite? - Na, jis dešimt metų jaunesnis... Susirašėme vakar, jo rezultatas - įspūdingas. Vau, niekada gyvenime nebūčiau pagalvojęs, kad Kalnas bėgs maratonus. Užsispyręs, įdomu, kas jį paskatino, turbūt buvo rimtos lažybos. - Apskritai sekate, kas vyksta Lietuvoje? - Skaitau lietuvišką spaudą kiekvieną dieną, kaip ir Ispanijos - daugiau ar mažiau. - Perskaitėte naujienų apie Igną Sargiūną? - Perskaičiau... Daug gandų. Kuo jis trauktų akį? Manau, jis yra alkanas, nori eiti į priekį. Nuo Žalgirio laikų man jis visada patiko, ateidavo į treniruotes iš dublerių komandos ir varžydavosi su veteranais. Jis nepaiso autoritetų, manau, tinka Eurolygai. Žiūrėsime, ar tikrai galėsime kartu dirbti kitais metais. - Alvydui Pazdrazdžiui neseniai nutiko kaip jūsų bičiuliui Žydrūnui Ilgauskui, įgijusiam JAV pilietybę ir kartu praradusiam lietuvišką pasą. Ką apie tai galvojate? - Turbūt mūsų pasaulyje tiek daug, kad galime sau leisti... Jeigu valstybė galvoja, kad tai normalu, turbūt nesame patys protingiausi... Nors yra ir visokių išimčių. Pats dėl to labai išgyvenu, nes mano vaikai sulauks pilnametystės, reikės apsispręsti. Ar apie tai su jais jau kalbėjau? Taip, bet viena - kalbėtis su 14-mečiu, kita - įstatymai. Manau, kad mes labai klystame atimdami pilietybes iš tikrų lietuvių. Primename, kad reguliariajame sezone Žalgiris užėmė penktą vietą - aukščiausią nuo 2016-2017 metų, kai pradėta žaisti pagal dabartinį formatą. Pergale daugiau pasiekusi Fenerbahče finišavo laipteliu aukščiau. Tarpusavio susitikimus abukart laimėjo kauniečiai. Pirmos dvi ketvirtfinalio serijos iki trijų pergalių rungtynės Stambule vyks antradienį ir ketvirtadienį. Į Kauną kova kelsis gegužės 6 d. Žalgiris per pastarąjį dešimtmetį ketvirtfinalio etapą pasiekė trečią sykį, peržengti finalo ketverto slenkstį pavyko tik 2018-aisiais, kai komandą dar treniravo Š. Jasikevičius.",https://www.delfi.lt/krepsinis/naujienos/jasikevicius-apie-sargiuna-ne-pavojingas-atostogas-ir-savo-vaiku-pilietybes-120242346
sportas,Tomas Masiulis prieš Šarūną Jasikevičių: ką žinai apie juos?,"Kauno Žalgiris kitą savaitę pradės Eurolygos ketvirtfinalio balatalijas, kuriose mes iššūkį Šarūno Jasikevičiaus treniruojamai Stambulo Fenerbahče . Prieš jas Delfi kviečia išbandyti savo jėgas teste apie šių komandų trenerius. Žalgiriečiai reguliarųjį sezoną baigė rekordiškai aukštoje penktoje vietoje, o tuo metu Fenerbahče didelę sezono atkarpą pirmavo turnyre, bet traumos ir kritusi forma nuleido Eurolygos čempionę net iki ketvirtosios vietos. Prieš intriguojančią seriją kviečiame išbandyti jėgas teste apie komandu strategus - Tomą Masiulį ir Šarūną Jasikevičių. Eurolygos ketvirtfinalio serija bus žaidžiama iki trijų pergalių. Reguliariajame sezone ketvirtą vietą užėmę Fenerbahče krepšininkai pirmąsias dvejas serijos rungtynes žais namų aikštelėje - balandžio 28 ir 30 dienomis. Į Žalgirio areną Eurolygos atkrintamosios varžybos atkeliaus trečiosioms serijos rungtynėms, kurios bus žaidžiamos gegužės 5 arba 6 dieną.",https://www.delfi.lt/krepsinis/naujienos/tomas-masiulis-pries-saruna-jasikeviciu-ka-zinai-apie-juos-120240002
sportas,"Įvardijo priežastis, kodėl „Žalgiris“ yra favoritas patekti į finalo ketvertą","Kauno Žalgiris pradeda svarbiausias sezono kovas Eurolygoje, o prieš jas buvo įvardyti kauniečių pranašumai, kurie gali atverti Lietuvos ekipai duris į finalo ketvertą. Tomo Masiulio kompanija antradienį pradeda Eurolygos ketvirtfinalio seriją, kurioje susitinka su Šarūno Jasikevičiaus treniruojama Stambulo Fenerbahče. Žalgiriečiai pirmuosius du mačus sužais išvykoje (balandžio 28 ir 30 dienomis), o kitą savaitę veiksmas kelsis į Kauną. Žalgirio ir Fenerbahče serija neabejotinai yra viena įdomiausių atkrintamosiose, o favorito statusu suabejoti spėjo ne vienas. Štai Belgrado Crvena Zvezda lyderis Chima Moneke net regi kauniečių pergalę serijoje rezultatu 3:2. Palankia prognoze Kauno komandai pasidalino ir sporto žurnalistas Gustavas Klikna. Aš prognozuoju pergalę Žalgiriui, kuris į seriją ateina su žymiai geresne sportine forma, gilesne sudėtimi. Vėlgi, turime labai gerą tritaškių pataikymą. Akivaizdu, kad Šarūnas Jasikevičius bandys dvigubinti Sylvainą Francisco, todėl tritaškių faktorius bus labai svarbus, - Delfi laidoje 7 krepšinio zonos kalbėjo G. Klikna.",https://www.delfi.lt/krepsinis/naujienos/ivardijo-priezastis-kodel-zalgiris-yra-favoritas-patekti-i-finalo-ketverta-120242442
sportas,Eurolygos blogiukas rado bendrą kalbą su Šaru: pas jį nėra pilkų atspalvių,"Wade'as Baldwinas tebėra ambicinga asmenybė - pavyzdžiui, nedvejodamas priskiria save geriausių Eurolygos gynėjų trejetui. Bet Šarūnui Jasikevičiui pavyko nukreipti aikštingo Stambulo Fenerbahče įžaidėjo talentus naudinga linkme. W. Baldwinas nė nemėgina slėptis po įprasto mandagumo skraiste. Nors išreiškė pagarbą Kauno Žalgiriui, vienas Eurolygos laurus ginančios Turkijos ekipos lyderių pirmadienį Delfi tiesiai šviesiai įvardino, kokios ketvirtfinalio baigties laukia.",https://www.delfi.lt/krepsinis/naujienos/eurolygos-blogiukas-rado-bendra-kalba-su-saru-pas-ji-nera-pilku-atspalviu-120242658
sportas,Po pertraukos aukštesnę pavarą įjungęs „Rytas“ saldžiai revanšavosi šiauliečiams,"Galingą trečią puolimo kėlinį sužaidęs Vilniaus Rytas (18-10) įsirašė svarbią pergalę Lietuvos krepšinio lygoje ( LKL ), kurią remia Betsson. Giedriaus Žibėno auklėtiniai namie 102:72 (22:22, 19:18, 32:14, 29:18) įveikė Šiaulius (15-13). Iki šiol dvi tarpusavio akistatas laimėję buvo vilniečiai, vieną pastarąją - šiauliečiai. Rytas taip padidino atotrūkį nuo trečioje vietoje esančio Klaipėdos Neptūno (16-11), o šiauliečiai turi jau dviem pralaimėjimais daugiau nei pastarieji. Ryto komanda pradėjo kiek geriau (16:8), o puolime aktyvus buvo Martynas Echodas. Vis tik Vaidas Kariniauskas pataikė iš toli, Danielis Baslykas - taip pat, o po dviejų Selimo Fofanos atakų rezultatas tapo lygus - 18:18. Lygiai baigėsi ir atkaklus pirmas ketvirtis - 22:22 Šiauliečiai pabandė čiupti iniciatyvą į savo rankas (28:26), bet Ignas Sargiūnas su Simu Lukošiumi persvėrė rezultatą vilniečių naudai - 34:33. Po atkarpos 7:2 Šiauliai vėl ėmė pirmauti, bet trapų pranašumą po pirmos mačo dalies turėjo šeimininkai - 41:40. Dayvionas McKnightas per du kėlinius buvo pelnęs 13 taškų, o du svarbūs vilniečių gynėjai - Augustas Marčiulionis ir Jerrickas Hardingas - žaidė neefektyviai (turėjo -4 ir -3 naudingumo balus). Po pertraukos Rytas įjungė aukštesnę pavarą: I.Sargiūnas smeigė du tritaškius, vėliau pridėjo dar du taškus, o į tritaškių vakarėlį įsijungė Kay'us Bruhnke - 53:46. Skirtumas po truputį pasiekė dviženklę atžymą (60:48), o šiauliečius baudė ir Augusto Marčiulionio tritaškis - 64:51. Puolime kukliau atrodę svečiai po trijų ketvirčių atsiliko 54:73. Savo dominavimą vilniečiai pratęsė, neleido svečiams net pagalvoti apie intrigos grąžinimą (84:59) ir mačą laimėjo tvirtai. Cedricas Hendersonas buvo sustabdytas ir žaidė blogiausią savo sezono mačą LKL, kurią remia Betsson. Pelnė 3 taškus (1/7 metimai), rinko -3 naudingumo balus. Šiauliai neturėjo Cassiuso Stanley, kuris susižeidė koją savaitgalio mače, taip pat - Mariaus Valinsko. Rytas verčiasi be Jordano Caroline'o. Rytas: Ignas Sargiūnas ir Martynas Echodas - po 14, Augustas Marčiulionis, Simas Lukošius ir Jerrickas Hardingas - po 13, Artūras Gudaitis 12 (6 atk. kam.). Šiauliai: Dayvionas McKnightas 19, Stefanas Simaničius 13 (9 atk. kam., 23 n.b.), Selimas Fofana 10, Danielis Baslykas 8.",https://www.delfi.lt/krepsinis/naujienos/po-pertraukos-aukstesne-pavara-ijunges-rytas-sutriuskino-siauliecius-120242719
sportas,Šokas „Panathinaikos“ gretose: Sloukas praleis visą ketvirtfinalio seriją,"Atėnų Panathinaikos Eurolygos ketvirtfinalio serijoje su Valencia bus priversta kautis be veterano Kosto Slouko. Skelbiama, kad 36-erių gynėjas treniruotės metu patyrė kelio traumą - plyšio išorinis meniskas, graikui bus atlikta operacija. Jau dabar aišku, kad jis negalės žaisti visos serijos metu, kurios metu bus kovojama iki trijų pergalių. K. Sloukas yra ketvirtas pagal naudingumą (12,6) PAO žaidėjas ir pirmas pagal išskirstomus rezultatyvius perdavimus (5,1). Veteranas taip pat prideda po 9,6 taško per 21 minutę. Reguliariame sezone jis sužaidė visus 38 mačus. Pirmi du serijos mačai vyks Valensijoje, vėliau komandos kelsis į Atėnus.",https://www.delfi.lt/krepsinis/naujienos/sokas-panathinaikos-gretose-sloukas-praleis-visa-ketvirtfinalio-serija-120242625
sportas,Skaudi netektis: mirė ilgametis krepšinio treneris Arūnas Juknevičius,"Vytauto Didžiojo universiteto (VDU) bendruomenė liūdi šiandien po sunkios ligos netekusi ilgamečio VDU vaikinų krepšinio komandos trenerio Arūno Juknevičiaus. A. Juknevičius gimė 1966 m. balandžio 6 d. 1987 m. baigė mokslus Lietuvos kūno kultūros institute (dabartiniame Lietuvos sporto universitete) ir tais pačiais metais pradėjo dirbti kūno kultūros dėstytoju Kauno technologijos universitete, vėliau - kūno kultūros mokytoju Kauno Saulės gimnazijoje. 1992 m. tapo Arvydo Sabonio krepšinio mokyklos (nuo 2010 m. - Arvydo Sabonio krepšinio centras) treneriu ir čia dirbo iki 1999 m. Ketverius metus, 1994-1998 m., treniravo Lietuvos vaikinų (gimusių 1981 m.) rinktinę. VDU krepšininkus treniravo nuo 1999 m. Per daugiau nei 20 metų darbo patirtį A. Juknevičiaus vadovaujamos VDU studentų komandos 9 kartus tapo Europos studentų čempionėmis ir net 20 sykių laimėjo Lietuvos studentų krepšinio lygos (LSKL) pirmenybes. Tituluočiausias šalies studentų krepšinio treneris ne tik iškovojo daugiau nei 100 medalių, bet ir prisidėjo prie žymių Lietuvos žaidėjų ugdymo. A. Juknevičiaus vadovaujamose komandose rungtyniavo tokie Lietuvos rinktinės ar Lietuvos krepšinio lygos žaidėjai kaip Paulius Jankūnas, Mindaugas Kuzminskas, Jonas Mačiulis, Mantas Kalnietis, Edgaras Ulanovas, Lukas Lekavičius, Adas Juškevičius, Žygimantas Janavičius, Rokas Jokubaitis ir daugelis kitų VDU studentų krepšininkų. Arūnas buvo svarbi, neatsiejama krepšinio bendruomenės dalis. Mūsų bendras kelias krepšinyje prasidėjo nuo jo darbo Arvydo Sabonio krepšinio mokykloje, tęsėsi skirtingose šalies rinktinėse ir, ilgą laiką, VDU. Tiems, kuriuos Arūnas treniravo, jis buvo ne tik treneris, bet draugas, tėvas, mokytojas. Jis visada darydavo tai, kas geriausia komandai. Kas geriausia visiems, esantiems aplink jį, - apie Arūną Juknevičių atsiliepė krepšininkas, buvęs Eurolygos vadovas Paulius Motiejūnas. Pats A. Juknevičius yra teigęs, kad jam visi auklėtiniai kaip vaikai. Myliu visus krepšininkus. Aišku, įstrigo M. Kuzminskas ar M. Kalnietis, kurie veržėsi į aikštelę, nes tuo metu Žalgiryje gaudavo mažai žaidybinio laiko. Sakydavo, treneri, tik nekeiskite, aš nepavargsiu. Jeigu užsitęsdavo Žalgirio treniruotė, o mums reikėdavo išvažiuoti į Klaipėdą, žaidėjai patys savo transportu skubėdavo į rungtynes. Skubėdavo ir spėdavo. Smagu prisiminti, - dar 2020 m. kalbėjo treneris A. Juknevičius. Dar pernai A. Juknevičiaus vadovaujama VDU komanda triumfavo Europos studentų čempionate, dvidešimtą kartą iš viso ir dešimtą kartą iš eilės tapo LSKL čempione, o Regionų krepšinio lygoje (RKL) nužingsniavo iki finalo ketverto, po kurio buvo pripažinta lygos Metų proveržiu. Šį mėnesį asociacijos Lietuvos krepšinis prezidentas Mindaugas Balčiūnas 60-mečio proga Arūnui Juknevičiui įteikė aukščiausią šalies krepšinio apdovanojimą - Garbės medalį Už nuopelnus Lietuvos krepšiniui. Paklaustas, kas nulėmė, jog krepšinis tapo didele gyvenimo dalimi, 2023 m. interviu A. Juknevičius atsakė, kad krepšinis jį lydėjo kiekvieną dieną nuo pat vaikystės. Užaugau tokioje vietoje, kur šalia buvo Žalgirio aikštynas, LSU, Kauno sporto halė. Kasdien matydavai tą krepšinį, treniruotes ir varžybas, o ir patys vaikai žaisdavom. Gyvenome krepšiniu. Tuo metu vyko ir Žalgirio ir Maskvos CSKA mačai, tai nesirenkant įtraukė. Tuo metu visa Lietuva gyveno krepšiniu, tai ir mes, paaugliai, - kalbėjo A. Juknevičius. Pasak VDU administracijos direktoriaus Jono Okunio, trenerio A. Juknevičiaus užburianti ramybė visada vedė Vytauto Didžiojo universitetą į skambiausias pergales. Atmintyje išliks jo šypsena į klausimą Ar laimėsime?, visada atsakant tyliai ir paprastai - Matysim, tarsi paliekant vietą darbui, o ne žodžiams. Būtent Arūno nuoširdus, atkaklus darbas atvedė VDU krepšinio komandas į tokią daugybę pergalių, užaugino tiek puikių krepšininkų, - apie trenerį kalbėjo VDU administracijos direktorius J. Okunis.",https://www.delfi.lt/krepsinis/naujienos/skaudi-netektis-mire-ilgametis-krepsinio-treneris-arunas-juknevicius-120242518
sportas,Žvilgsnis į istorinį „Žalgirio“ vakarą: Sabas rūbinėje ir slaptas Francisco kelias iš arenos,"Kauno Žalgirio krepšininkai pirmą kartą klubo istorijoje užėmė penktąją vietą Eurolygos reguliariajame sezone, o šis pasiekimas žalgiriečiams ketvirtfinalio serijoje atnešė filmo scenarijaus vertą varžovą - Šarūno Jasikevičiaus vadovaujamą Stambulo Fenerbahče komandą. Belaukiant atkrintamųjų, Žalgiris Insider kviečia prisiminti paskutiniąsias reguliariojo sezono rungtynes su Paris Basketball ir išvysti dar neregėtus kadrus iš komandos rūbinės, kurių įkarštyje Sylvaino Francisco, Moseso Wrighto ir kitų žalgiriečių mintys apie laukiančią seriją. Šis video - dokumentikos apie iškovotą bilietą į atkrintamąsias dalis, o Žalgiris Insider narių lauks atskira dokumentikos serija apie komandos kelionę į Stambulą, visas ketvirtfinalio kovas ir jų užkulisius. Aš galvojau, kad aš praleisiu šį momentą. Kad komanda pateks į atkrintamąsias, bet aš nebūsiu prie to prisidėjęs. Tai man čia buvo didžiausias liūdesys tuo metu. Atsukus laiką atgal, kai pagalvoji, tai tuo metu tikėjaisi kaip geriausio scenarijaus tokio, o dabar tai yra realybė, prie kurios dar ir prisidėjau, tad tikrai velniškai smagu, - savo mintis po patirtos pėdos traumos prisiminė Arnas Butkevičius. Po mačo su Paris Basketball žalgiriečių rūbinėje apsilankė ir Arvydas Sabonis. Savo ruožtu M.Wrightas juokavo apie tai, kad Žalgiris ir Fenerbahče žaidžia kone identišką krepšinį, o S.Francisco prognozavo pirmąjį ir antrąjį simbolinius Eurolygos penketukus. Galiausiai S.Francisco sutiko ir Žalgirio sporto direktorių Gediminą Navicką, kuris su prancūzu reflektavo apie visą nueitą kelią. Mes labai tavimi didžiuojamės. Prižadėjau tau, kad kovosime dėl aukščiausių vietų - šiuo metu taip ir yra. Labai dėl tavęs džiaugiuosi - visas klubas ir tu einame viena kryptimi. Tai geriausias Žalgirio reguliariojo sezono pasiekimas. Netikiu, kad pasaulis yra tobulas, tačiau mūsų sąjunga su tavimi yra labai arti tobulybės - labai tai vertinu, - kalbėjo G.Navickas. Kviečiame išvysti visus į Žalgirio istoriją nugulsiančio vakaro užkulisius bei S.Francisco slaptą kelią iš arenos. Atkrintamųjų seriją žalgiriečiai pradės jau antradienį Stambule, o trečiosios serijos rungtynės Kaune bus žaidžiamos gegužės 6 d.",https://www.delfi.lt/krepsinis/naujienos/zvilgsnis-i-istorini-zalgirio-vakara-sabas-rubineje-ir-slaptas-francisco-kelias-is-arenos-120242683
sportas,"Panevėžietis pripažintas kaltu dėl futbolo sirgaliaus nužudymo, skirta laisvės atėmimo bausmė","Panevėžio apygardos teismas pirmadienį panevėžietį Ernestą Mečkauską pripažino kaltu dėl Lenkijos futbolo sirgaliaus nužudymo 2024 m. liepą. Nuteistajam teismas skyrė 7 metų laisvės atėmimo bausmę. Kaip nurodė teismo sprendimą paskelbusi Panevėžio apygardos teismo teisėja Jolanta Raščiuvienė, nuteistajam į laisvės atėmimo bausmės laiką bus įskaityta viena para, išbūta laikinajame sulaikyme. Teismas taip pat iš dalies tenkino tris civilinius ieškinius byloje dėl neturtinės žalos - 35 tūkst., 15 tūkst. ir 30 tūkst. eurų dydžio. Šios sumos kartu su joms taikomomis 5 proc. palūkanomis priteistos iš nuteistojo E. Mečkausko. Šiuos ieškinius byloje buvo pateikę nužudyto Lenkijos piliečio artimieji. Bylos duomenimis, tragiškas įvykis nutiko 2024 m. liepos 23 d. Panevėžyje. Pasibaigus futbolo rungtynėms tarp Balstogės komandos Jagiellonia (Lenkija) ir vietos Panevėžio, agresyviai nusiteikęs 39-erių Lenkijos futbolo sirgalius susistumdė su E. Mečkausku, su kuriuo buvo ir kitas asmuo. Pastarasis smogė kumščiu nukentėjusiajam į žandikaulį, šis po smūgio krito ant betoninių trinkelių. Anot teisėsaugos, palikę nugriuvusį vyrą, panevėžiečiai sėdo į savo automobilį ir išvažiavo. Užsieniečiui greitosios medikus iškvietė užeigos darbuotojos. Nukentėjusysis buvo nuvežtas į Panevėžio ligoninę, tačiau nespėjus jo apžiūrėti medikams, pasišalino. Vėliau policijos patruliai pastebėjo jį autobusų stotelėje ir dėl akivaizdžių veido sumušimo požymių nugabeno į ligoninę. Nustačius galvos traumą, jam buvo atlikta operacija, tačiau po trijų savaičių vyras mirė. E. Mečkauskas policijos buvo surastas ir sulaikytas jau kitą dieną po incidento su užsieniečiu. Vyras prisipažino, kad trenkė nepažįstamajam, bijodamas pats nuo jo nukentėti. Vyras pripažino, kad užsieniečiui nugriuvus, jis su bičiuliu pasišalino, baimindamiesi kitų Lenkijos sirgalių užpuolimo. Nukentėjusiajam ligoninėje mirus, ikiteisminis tyrimas buvo perkvalifikuotas į nužudymą. Panevėžio apygardos teismo sprendimas dar neįsigaliojo, jis gali būti skundžiamas apeliacine tvarka.",https://www.delfi.lt/sportas/futbolas/panevezietis-pripazintas-kaltu-del-futbolo-sirgaliaus-nuzudymo-skirta-laisves-atemimo-bausme-120242509
verslas,Ukrainietės noras įsigyti namą su sklypu atsimušė į sieną: prieštarauja Konstitucijai,"Kėdainių rajone namą su žemės sklypu norėjusi įsigyti ukrainietė iš notaro išgirdo, kad trečiųjų šalių piliečiai tokios teisės neturi. Teisininkė Delfi patvirtino, kad apribojimai dėl žemės įsigijimo yra taikomi, o situacijos nekeičia net nuolatinio leidimo gyventi Lietuvoje turėjimas. Su Delfi redakcija susisiekusi ukrainietė Elena laiške nurodė, kad Lietuvoje gyvena nuo 2019 metų, turi nuolatinį leidimą. Jis išduotas dėl šeimyninių priežasčių, nes jos vaikai turi Lietuvos pilietybę per savo tėvą. Nusprendžiau nusipirkti namą kaime, bet susidūriau su problema: notaras teigia, kad neturiu teisės pirkti turto su žeme . Tai yra - galiu nusipirkti butą, bet ne namą, - nurodė ji. Moteris sakė peržiūrėjusi daug informacijos internete, bet aiškių paaiškinimų, kurie būtų aktualūs Ukrainos piliečiams, nerado. Notarai teigia, kad pirkti neįmanoma. Prašau jūsų pasidomėti šiuo klausimu. Esu tikra, kad ši tema bus labai aktuali daugeliui ukrainiečių , kurie gyvena Lietuvoje ir netrukus gaus leidimus nuolat gyventi, - dėstė Elena. Namą su žemės sklypu ji norėjo įsigyti Kėdainių rajone.",https://www.delfi.lt/verslas/nekilnojamas-turtas/ukrainietes-noras-isigyti-nama-su-sklypu-atsimuse-i-siena-priestarauja-konstitucijai-120239960
verslas,Nuotrauka su numestais kurjerių krepšiais pasiekė VMVT – pradėtas tyrimas,"Viešojoje erdvėje pasklidusi nuotrauka, kurioje matyti netvarkingai sumesti maisto pristatymo platformų Wolt ir Bolt Food kurjerių krepšiai, sudomino Valstybinę maisto ir veterinarijos tarnybą (VMVT). Ji įspėja, kad nustačius pažeidimų gresia poveikio priemonės. VMVT pirmadienį feisbuke paskelbė nuotrauką, kuri nepalieka abejingų. Kadre užfiksuoti netvarkingai išmėtyti Bolt Food ir Wolt kurjerių krepšiai. Dėkojame neabejingiems žmonėms už pateiktą informaciją ir įsitraukimą. VMVT vertina situaciją ir yra pradėjusi tyrimą aiškinasi galimas higienos problemas populiariose maisto pristatymo platformose, - rašė VMVT. Tarnyba Delfi patikslino, kad vaizdas fiksuotas Vilniuje, Daugėliškio gatvėje. Dėl viešojoje erdvėje pasirodžiusios informacijos jau kreiptasi į Bolt ir Wolt administracijas, nurodant detaliai pateikti informaciją, kaip užtikrinama higiena visame maisto pristatymo procese. Taigi, įvertinus aplinkybes ir tyrimo metu nustačius pažeidimų, bus taikytos teisės aktuose numatytos poveikio priemonės, - nurodė VMVT. Delfi dėl situacijos kreipėsi ir į Wolt. Gavę atsakymą tekstą papildysime. Šią nuotrauką padaręs vilnietis Algimantas (vardas pakeistas, tikras redakcijai žinomas) Delfi plačiau papasakojo, kad minėtoje vietoje maždaug metus nuomojamoje namo dalyje gyvena nežinomas kiekis kurjerių. Panašu kad ten jų daug. Aplinkiniams problemų nekelia, bet pro šalį einant vaizdas dažnai apetito nekelia. Nusprendžiau paviešinti, nes taip neturi būti, - sakė jis. Vyras pridūrė, kad prieš paviešindamas nuotrauką feisbuke užpildė pranešimą VMVT. Anksčiau, jo teigimu, lauke mėtydavosi po vieną du krepšius, tačiau praėjusį sekmadienį, kai darytas kadras, jų kieme buvo daugiau. Vakar buvo sekmadienis, blogas oras, matyt, daugiau ten gyvenančių nedirbo, ir krepšių daugiau buvo, - svarstė Algimantas. Pats jis teigė maisto pristatymo platformų paslaugomis nesinaudojantis. Maisto pristatymas yra gera paslauga, bet turėtų būti saugi ir kokybiška. Gal ateityje, jei kas pasikeis, ir pradėsiu naudotis. Su Delfi jis pasidalijo daugiau nuotraukų. Jas galite pamatyti žemiau: Bolt Food generalinis vadovas Lietuvoje Laurynas Pamparas Delfi komentavo, kad neturi galimybės pakomentuoti pateiktų nuotraukų, nes neturi informacijos, kuri galėtų padėti identifikuoti, ar Bolt Food ženklu pažymėti krepšiai buvo naudojami aktyviai su platforma bendradarbiaujančių nepriklausomų partnerių. Maisto pristatymo krepšys yra partnerio kurjerio nuosavybė, tad gali būti naudojamas ir asmens, nevykdančio ar nebevykdančio pristatymo veiklos per platformą Bolt Food, - teigė L. Pamparas. Toliau jis tęsė, kad nepriklausomi pristatymo partneriai kurjeriai, pradėdami vykdyti individualią veiklą per Bolt Food platformą, įsipareigoja laikytis platformos sąlygų, tarp jų ir reikalavimų užtikrinti, kad patiekalai ir prekės būtų pristatomos saugios būklės, laikantis sveikatos ir maisto saugos principų. Pristatymo partneris, anot L. Pamparo, prieš kiekvieną maisto pristatymą turi įsitikinti, kad naudojamas termo krepšys yra švarus, tvarkingas ir naudojamas taip, kad būtų išvengta maisto užteršimo bei užtikrinta maisto ir sveikatos sauga. Su Bolt Food bendradarbiaujantiems kurjeriams reguliariai primename higienos užtikrinimo svarbą ir būtinybę. Be to, Bolt Market parduotuvėse esame įrengę krepšių valymo stoteles ir raginame nepriklausomus partnerius jomis pasinaudoti, reguliariai išvalyti bei dezinfekuoti maisto pristatymui naudojamus krepšius, - tvirtino įmonės atstovas. Klientus jis ragino po kiekvieno pristatymo naudojantis platforma Bolt Food palikti atsiliepimą apie pristatymo kokybę bei kitas reikšmingas aplinkybes. Į klientų atsiliepimus esą žiūrima labai rimtai. Gavę klientų pranešimus apie galimus higienos reikalavimų pažeidimus pristatymo metu, kiekvieną situaciją vertiname individualiai, atsižvelgdami į galimo pažeidimo pobūdį ir mastą. Priklausomai nuo aplinkybių, imamės atitinkamų veiksmų - primename partneriams apie jų įsipareigojimą užtikrinti, kad prekės būtų pristatomos saugios būklės, laikantis sveikatos ir maisto saugos reikalavimų. Taip pat dalinamės saugaus pristatymo gairėmis bei gerąja praktika, siekdami užtikrinti per platformą teikiamų paslaugų kokybę ir saugumą. Nustačius rimtus ar pasikartojančius pažeidimus, tam tikrais atvejais galime taikyti griežtesnes priemones - įskaitant nepriklausomo partnerio laikiną ar nuolatinį prieigos prie platformos sustabdymą, - teigė jis ir pridūrė, kad platforma visada bendradarbiauja su atsakingomis institucijomis, įskaitant ir šį atvejį. Wolt komunikacijos specialistė Baltijos šalims Akvilė Grašytė komentavo, kad apie šį atvejį yra informuoti ir renka papildomą informaciją. Šiuo metu renkame papildomą informaciją ir tiksliname aplinkybes, įskaitant nuotraukose matomų pristatymo priemonių laikymo sąlygas, bei siekiame nustatyti su situacija susijusius asmenis. Įvertinus faktines aplinkybes ir nustačius higienos normų ar standartų pažeidimus, Wolt gali nutraukti bendradarbiavimą su atitinkamais kurjeriais-partneriais. Taip pat išsiuntėme papildomą priminimą visai kurjerių-partnerių bendruomenei Lietuvoje, dar kartą primindami apie galiojančius higienos reikalavimus ir atsakomybę vykdant veiklą susijusią su maisto pristatymais. Norime pabrėžti, kad Wolt labai atsakingai žiūri į higienos, švaros ir maisto saugos klausimus. Visi su Wolt bendradarbiaujantys kurjeriai-partneriai, pasirašydami bendradarbiavimo sutartį, įsipareigoja laikytis paslaugų teikimo sąlygų, kuriose numatyti ir užsakymų pristatymo kokybės ir maisto saugos standartai, - komentuoja Wolt atstovė. Taip pat komentare Delfi prabrėžiama, kad kurjeriai-partneriai su Wolt bendradarbiauja individualios veiklos pagrindu ir patys atsako už naudojamų priemonių, įskaitant ir pristatymo krepšių, tinkamą priežiūrą. Savo ruožtu Wolt užtikrina, kad kurjeriai-partneriai su higienos ir maisto transportavimo reikalavimais, įskaitant valstybės institucijų nustatytas privalomas higienos taisykles, būtų supažindinami bendradarbiavimo pradžioje, o vėliau, ne rečiau nei kartą per ketvirtį, jiems apie tai reguliariai primename. Reaguodami į šią situaciją, priminimus dar labiau suaktyvinome. Kurjeriai-partneriai reguliariai informuojami, kad pristatymo krepšiai turi būti švarūs ir periodiškai valomi, o tuo metu, kai nėra naudojami užsakymų pristatymams - laikomi vidaus patalpose. Griežti higienos reikalavimai ir jų laikymasis yra vienas iš mūsų veiklos prioritetų. Kiekvieną gautą pranešimą apie galimus pažeidimus vertiname rimtai ir, esant pagrįstam pagrindui, imamės atitinkamų veiksmų. Nustačius, kad užsakymų pristatymui naudojamos priemonės yra netinkamos arba neprižiūrimos, kurjerio-partnerio prieiga prie platformos gali būti apribojama, - sako A. Grašytė. VMVT taip pat priminė, kad maisto sauga turi būti užtikrinama visoje tiekimo grandinėje: nuo maisto paruošimo iki pristatymo klientui. Kurjeriai privalo laikytis higienos reikalavimų transportuojant maistą, o už saugų maisto paruošimą ir supakavimą atsakingos maitinimo įstaigos. Maisto išvežiojimo (kurjerių) veikla gali būti vykdoma tik turint VMVT išduotą leidimą tokiai veiklai. Įmonės, kurios teikia maisto išvežiojimo paslaugas, privalo sisteminti informaciją apie asmenis (kurjerius), kurie išvežioja maisto produktus ar paruoštus patiekalus, kad prireikus būtų užtikrintas tiekiamo maisto atsekamumas. Maistą užsisakantys žmonės gali pasitikrinti, ar maisto pristatymo paslaugas teikianti įmonė veikia oficialiai ir yra registruota VMVT: https://vmvt.lt/opendata/mtsr/ . Maistą pristatantis asmuo (kurjeris), prieš pradėdamas darbą, privalo būti pasitikrinęs sveikatą, turėti galiojantį sveikatos žinių atestavimo pažymėjimą ir laikytis higienos reikalavimų. Transportavimo metu būtina užtikrinti tinkamas sąlygas: transporto priemonės paviršiai turi būti švarūs, lengvai valomi ir dezinfekuojami, o pačioje transporto priemonėje turi būti visos reikalingos higienos priemonės - vienkartinės servetėlės, šluostės ar kitos dezinfekavimo priemonės. Be to, maisto vežimo krepšiai ar šaltkrepšiai turi būti švarūs ir tvarkingi, o pats maistas, įskaitant greitai gendančius maisto produktus - gabenamas laikantis gamintojo nurodytų laikymo sąlygų. Tiesa, vartotojai yra pirmieji, kurie gali signalizuoti apie pastebimus pažeidimus - išsiliejusį, sugadintą ar akivaizdžiai netinkamos kokybės maistą, nešvarius krepšius. Tokiais atvejais svarbu tai užfiksuoti nuotraukomis ar vaizdo įrašu. Pirmiausia rekomenduojame informuoti kurjerių paslaugas teikiančias įmones, kad jos galėtų operatyviai sureaguoti ir identifikuoti netvarkingą darbuotoją. Jei situacijos nepavyksta išspręsti geranoriškai arba ji kartojasi, pranešti reikėtų VMVT, pateikiant nuotraukas, užsakymo informaciją bei išsamų situacijos aprašymą - tai padės inicijuoti pažeidimo tyrimą, - nurodo VMVT. Jei maistas atrodo nekokybiškas, išsiliejęs ar kitaip sugadintas, vartotojai neturėtų rizikuoti savo sveikata ir jo nevartoti. 2025 metais VMVT sulaukė 54 vartotojų pranešimų dėl maisto pristatymo į namus, daugiausia - Vilniuje ir Kaune. Šiemet tokių pranešimų jau gauta 25.",https://www.delfi.lt/verslas/naujienos/nuotrauka-su-numestais-kurjeriu-krepsiais-pasieke-vmvt-pradetas-tyrimas-120242441
verslas,"Uždaro laboratoriją, atleis beveik pusę darbuotojų","Zarasuose veikianti tyrimų ir ekspertizių bendrovė Akerbla LT atleidžia didelę dalį žmonių, nes centralizuoja veiklą. Apie tai ji pranešė Užimtumo tarnybai . Įspėta 14 iš 30 darbuotojų. Pagal profesijas, daugiausiai darbo neteks 13 laboratorijos darbuotojų, - naujienų portalui Delfi sakė Užimtumo tarnybos atstovė Milda Jankauskienė. Atleidimo priežastis - darbo organizavimo pakeitimai. Darbdavys priėmė sprendimą uždaryti Vievyje esančią laboratoriją centralizuojant veiklą Zarasuose, - paaiškino M. Jankauskienė. Atleidimai numatyti nuo gegužės 25 iki liepos 23 dienos. Sodros pateikiami darbuotojų skaičiai ir vidutinis atlyginimas: Registrų centras skelbia tokias pastarųjų metų Akerbla LT finansines ataskaitas: Beveik 10 metų veikiančios bendrovės vienintelė akcininkė yra Norvegijos Akerbla AS.",https://www.delfi.lt/verslas/naujienos/uzdaro-laboratorija-atleis-beveik-puse-darbuotoju-120242463
verslas,"Laivai į Nerį sugrįš jau šią savaitę: jų bus daugiau, dvi naujos stotelės","Ruošiantis naujam laivybos sezonui sostinėje, Nerimi šiemet kursuos daugiau keleivinių laivų, skelbia savivaldybės įmonė Judu. Vilniuje vykusioje simbolinėje ceremonijoje pakrikštyti du nauji laivai Geležinis vilkas ir Smilga. Juos iškilmingai pakrikštijo kunigas Mykolas Sotničenka, o jų krikštamotėmis tapo Scanorama įkūrėja Gražina Arlickaitė ir profesorė Giedrė Keen Motuzaitė Matuzevičiūtė. Pasak Judu antrasis laivybos sezonas Neries upėje prasidės jau penktadienį - gegužė 1-ąją. Tradiciškai pirmąją dieną kelios laivais vilniečiams ir miesto svečiams bus nemokamos. Palyginti su praėjusiais metais, laivų skaičius padvigubėjo - šiemet Nerimi jų plauks keturi, todėl bus užtikrintas dažnesnis ir patogesnis susisiekimas. Keleivinės laivybos trasa drieksis nuo Verslo trikampio iki Žirmūnų paplūdimio, su esamomis stotelėmis prie Žvėryno, Baltojo, Žaliojo, Karaliaus Mindaugo tilto. Beje, šįmet atsiras ir dar dvi naujos stotelės: Šilo tiltas ir Žirmūnų paplūdimys, o bendras laivų trasos ilgis sieks 7,7 kilometro. Praplėtus maršrutą iki 7 stotelių, Antakalnio ir Žirmūnų rajonų gyventojams taps paprasčiau ir patogiau pasiekti miesto centrą. Žirmūnuose įrengta stotelė šalia paplūdimio suteiks papildomą patrauklumą - maršrutas bus tinkamas ne tik kasdienėms kelionėms, bet ir laisvalaikiui, nes leis lengvai nuvykti prie upės esančių poilsio vietų. Taip pat suderintas laivų eismas su autobusais, troleibusais ir dalijimosi paslaugomis leis sklandžiai ir patogiai judėti mieste, - pranešime sakė Judu vadovė Loreta Levulytė-Staškevičienė. Artėjant laivybos sezonui buvo atliekami visi būtini pasiruošimo darbai - laivų techninė priežiūra, pagrindinių sistemų patikra, ruošiamos prieplaukos, atnaujinamas ženklinimas upėje. Kaip ir pernai, 90 minučių elektroninio bilieto kaina sieks 3 eurus, o perkant laive - 4 eurus. Be to, kaip ir pernai bus siūlomi vienkartiniai, šeimos ir pirmyn-atgal bilietai. Vilniaus viešojo transporto duomenimis, pernai maršrutiniais elektriniais laivais Nerimi keliavo daugiau nei 22 tūkst. keleivių.",https://www.delfi.lt/verslas/transportas/laivai-i-neri-sugris-jau-sia-savaite-ju-bus-daugiau-dvi-naujos-stoteles-120242376
verslas,Vilniuje netrukus uždarys žinomą „Norfa“ parduotuvę,"Netrukus bus uždaroma prekybos tinklo Norfa parduotuvė Fabijoniškėse, Vilniuje. Pasidalinta, kada ši parduotuvė užvers duris ir kas laukia darbuotojų. Socialiniame tinkle Facebook gyventojai pradėjo diskutuoti, ar tikrai ruošiamasi uždaryti Ateities gatvėje veikiančią parduotuvę. Pasiteiravus atstovo, paaiškėjo, kad tokie planai artimiausiu metu ir yra. Norfos parduotuvę, esančią Vilniuje, Ateities g. 48 (Fabijoniškėse), planuojama uždaryti gegužės 23 d. - naujienų portalui Delfi patvirtino Norfos atstovas žiniasklaidai Darius Ryliškis. Kartu nurodoma, kad šiemet Norfos mažmena plėtros Vilniuje nenumato. Pasiteiravus, kiek šioje parduotuvėje yra įdarbinta darbuotojų ir ar juos teks atleisti, D. Ryliškis atsakė: Beveik visiems jos darbuotojams pasiūlytas darbas kituose tinklo prekybos centruose. Balandžio pabaigoje, reminantis portalo Rekvizitai.lt duomenimis, UAB Norfos mažmena yra įdarbinusi apie 3,6 tūkst. darbuotojų. Anksčiau skelbta, kad Lietuvoje veikia apie 160 parduotuvių. Norfos prekybos tinklas šiemet planuoja atidaryti ar atnaujinti 10 parduotuvių. Nekilnojamojo turto vystymo bendrovė Homa Group praėjusią savaitę pranešė apie gautą leidimą rekonstruoti pastatų grupę ties Fabijoniškių ir Ateities gatvių sankryža Vilniuje - leista rekonstruoti viename sklype esančius pastatus Fabijoniškių g. 97A ir Fabijoniškių g. 99. Šioje vietoje, kaip skelbiama, dabartinės prekybos ir sporto komplekso funkcijos išliks arba bus modernizuotos. 11 000 kv. m. bendro ploto projekto Jaunatis teritorijoje taip pat turėtų iškilti 116 butų su vidiniu kiemu, požemine automobilių aikštele ir kitais sprendimais.",https://www.delfi.lt/verslas/naujienos/vilniuje-netrukus-uzdarys-zinoma-norfa-parduotuve-120242461
verslas,Palucko brolio įmonė inicijavo nemokumo procesą,"Ekspremero Gintauto Palucko brolio Dano Palucko valdoma, taip pat jo vadovaujama griovimo darbų bendrovė Auksitas inicijavo nemokumo procesą, pranešė skolų išieškojimo įmonė Juris LT. Kaip skelbiama, Auksitas pastaruoju laikotarpiu nesugeba vykdyti savo įsipareigojimų kreditoriams. 2024 m. bendrovės pajamos siekė apie 1,85 mln. eurų, tačiau tai neužtikrino stabilaus atsiskaitymo, o vidutinis terminas tam yra išaugęs iki maždaug 128 dienų, kas, pasak Juris, rodo reikšmingą mokėjimų vėlavimą. Teigiama, kad fiksuojami ilgiau nei 100 dienų nepadengti Auksito įsiskolinimai - kreditoriams pateiktais duomenimis, įsipareigojimai viršija įmonės turimą turtą. Papildomai taip pat registruota skola Sodrai, siekianti 1,36 tūkst. eurų. Portalui lrytas D. Paluckas sakė, kad yra itin užsiėmęs ir todėl neturi laiko komentuoti. Kaip skelbė ELTA, D. Paluckas pernai vasarą buvo sulaikytas, Finansinių nusikaltimų tyrimų tarnybai ( FNTT ) atliekant ikiteisminį tyrimą dėl ekspremjero iš dalies valdomos įmonės Garnis veiklos. FNTT tyrimą atlieka dėl galimo kreditinio sukčiavimo, susijusio su Garnio įgyta lengvatine 200 tūkst. eurų paskola. Taip pat - dėl galimo kreditinio sukčiavimo, dokumentų klastojimo bendrovei Dankora, priklausančiai G. Palucko brolienei, galimai apgaule įgijus daugiau nei 136 tūkst. eurų ES finansinės paramos lėšų, galimo papirkimo bei kyšininkavimo įtariant, kad veikos galėjo būti padarytos veikiant organizuotoje grupėje. Anksčiau skelbta, kad atliekant minėtą ikiteisminį tyrimą pernai rugpjūtį buvo sulaikytas įmonės Dankora direktorius Kostas Mikalajūnas. Prieš tai pareigūnai atliko dešimtis kratų ir kitų procesinių veiksmų bendrovės Dankora projekto įgyvendinimo vietoje, įmonės registracijos vietoje, įmonės direktoriaus K. Mikalajūno ir akcininkų gyvenamosiose patalpose, automobiliuose, kitose tyrimui reikšmingose vietose, paimti tyrimui reikalingi dokumentai, kiti daiktai. Anot tarnybos, kratos taip pat atliktos kitose galimai susijusiose įmonėse - žiniasklaida skelbė, kad jos vykdytos ir bendrovėje Auksitas.",https://www.delfi.lt/verslas/naujienos/palucko-brolio-imone-inicijavo-nemokumo-procesa-120242485
verslas,Ilgametė maisto sektoriaus įmonė atleidžia daugumą darbuotojų,"Prieš 30 metų įkurta didmeninės prekybos maisto produktais bendrovė Skanėja atleidžia 28 žmones, nes perkelia gamybinę veiklą į kitą vietovę. Iš 46 darbuotojų įspėti 28 dirbantieji. Pagal kvalifikacijas, darbo daugiausiai neteks krovikai (7), fasuotojai (7), elektros krautuvo vairuotojai (3), - naujienų portalui Delfi komentuoja Užimtumo tarnybos atstovė Milda Jankauskienė. Pasak jos, atleidimo priežastis yra bendrovės noras užtikrinti veikos tęstinumą, atitikimą taikomiems kokybės bei maisto saugos reikalavimams ir išvengti esminių verslo praradimų: tad priimtas sprendimas Skanėjos gamybinę veiklą perkelti į kitą vietovę - iš Kirtimų gatvės Vilniuje į Plento gatvę Širvintose. Visiems su šiuo perkėlimu susijusiems darbuotojams buvo įteikti pasiūlymai dėl darbo sutarties sąlygų (darbo vietovės) pakeitimo. Dalis darbuotojų raštu išreiškė nesutikimą su šiuo Darbo sąlygų pakeitimu, - teigia M. Jankauskienė. Atleidimai numatomi nuo gegužės 21 dienos iki liepos 21 dienos. Sodra nurodo tokią darbo užmokesčio ir darbuotojų skaičiaus kaitą bendrovėje: Registrų centro skelbiamos Skanėjos finansinės ataskaitos: Skanėja įsteigta 1995 metais Vilniuje, ji specializuojasi birių maisto produktų - ryžių, kruopų, ankštinių kultūrų - fasavimo ir prekybos jais sritys. Taip pat teigia gaminanti ir fasuojanti populiarias greito paruošimo košes.",https://www.delfi.lt/verslas/naujienos/ilgamete-maisto-sektoriaus-imone-atleidzia-dauguma-darbuotoju-120242394
verslas,"Atsiskaičius su VMI, reikia atsiskaityti ir su „Sodra“: kaip ir kada susimokėti","Savarankiškai dirbantys gyventojai, deklaravę pajamas, nuo uždirbtų pajamų turi sumokėti ir įmokas Sodrai. Informacija apie mokėtinas sumas ir galimybę kreiptis dėl įmokų mokėjimo dalimis pateikiama asmeninėse Sodros paskyrose. Šiemet deklaravimo ir įmokų mokėjimo laikotarpis baigiasi gegužės 4 d. Deklaruoti pajamas ir sumokėti įmokas Sodrai turi žmonės, kurie 2025 metais dirbo savarankiškai, pavyzdžiui, vykdė individualią veiklą su pažyma, buvo mažųjų bendrijų ar ūkinių bendrijų nariai, individualių įmonių savininkai bei ūkininkai, kurių ūkio ekonominis dydis viršija 4 EDV. Sodra asmeniškai informuoja savarankiškai dirbančius asmenis, kiek ir kokių įmokų jie turi sumokėti po deklaravimo. Deklaravus pajamas, žinutės su informacija apie mokėtinas įmokas siunčiamos į savarankiškai dirbančių žmonių asmenines Sodros paskyras. Žinutėje pateikiama: Mokėtina suma - nuo deklaruotų apmokestinamųjų pajamų mokėtina VSD ir PSD įmokų suma; Likutis - įvertinus anksčiau sumokėtas sumas likusi sumokėti VSD ir PSD įmokų suma; Mokėjimo terminas - 2026 m. gegužės 4 d.; Mokėjimo rekvizitai ir svarbūs duomenys, pavyzdžiui, įmokos kodas; Informacija apie galimybę atidėti įmokų mokėjimą, jei susidaro įsiskolinimas. Pajamas deklaravę gyventojai savo įmokų Sodrai dydį taip pat gali sužinoti prisijungę prie asmeninės paskyros ir patikrinę skiltį Įmokos . Paskyrose savarankiškai dirbantys žmonės ras ir daugiau svarbios informacijos apie įmokų mokėjimą bei kitas Sodros paslaugas. Įmokas Sodrai galima sumokėti keliais patogiais būdais. Gyventojai tai gali padaryti asmeninių paskyrų Įmokų skiltyje pasirinkę funkciją Mokėti, taip pat atlikdami banko pavedimą į vieną iš Sodros surenkamųjų sąskaitų. Įmokas galima sumokėti ir grynaisiais pinigais Lietuvos pašto skyriuose ir Perlo terminaluose kai kuriose parduotuvėse. Jeigu sumokėti įmokas kyla sunkumų, gyventojai gali kreiptis į Sodrą dėl įmokų atidėjimo. Atidėti įmokų mokėjimą supaprastinta tvarka galima, jei socialinio draudimo įmokų įsiskolinimas ne mažesnis nei 125 eurų ir neviršija 1500 eurų. Jei įsiskolinimas viršija 1500 eurų, prašyme dėl skolos atidėjimo reikia nurodyti įmokų mokėjimo grafiką, priežastis, kodėl negalite sumokėti įsiskolinimo. Įmokų įsiskolinimo sumokėjimas gali būti atidedamas vieną kartą per metus. Prašymą dėl įmokų mokėjimo įsiskolinimo atidėjimo galima pateikti nuo gegužės 4 d. Daugiau informacijos apie įmokų atidėjimą rasite čia: Ar galiu skolą Sodrai sumokėti dalimis? Jei savarankiškai dirbantys gyventojai įmokas moka kartą per metus, jie gali pasirinkti, kaip jų per metus gautos pajamos bus paskirstomos skaičiuojant socialinio draudimo įmokas. Įprastai deklaruotos metinės pajamos paskirstomos tolygiai per veiklos vykdymo mėnesius, nepriklausomai nuo to, kada faktiškai jos buvo gautos. Vis dėlto gyventojai turi galimybę pasirinkti ir kitą būdą - kad pajamos būtų vertinamos pagal realiai kiekvieną kalendorinį mėnesį gautas ar asmeniniams poreikiams išsiimtas sumas. Tokiu atveju metinėje pajamų deklaracijoje Valstybinei mokesčių inspekcijai pasirenkamas įmokų tipas Sodros mėnesinis. Šis pasirinkimas leidžia tiksliau atspindėti faktinį pajamų pasiskirstymą per metus. Jei žmogus renkasi mokėti VSD įmokas kiekvieną mėnesį, prireikus jis gali greičiau gauti socialinio draudimo išmokas. Dirbdamas savarankiškai žmogus gali nuspręsti, kokio dydžio VSD įmokas jis mokės kiekvieną mėnesį: pavyzdžiui, nuo faktiškai tą mėnesį uždirbtų ar nuo planuojamų uždirbti pajamų, nuo minimalios mėnesio algos ar nuo kitos sumos. Labai svarbu įvertinti, ar kiekvieną mėnesį deklaruotos sumos susumavus už metus neviršija įmokų bazės, nustatytos įstatyme: 90 proc. nuo apmokestinamųjų pajamų vykdant individualią veiklą ir individualią žemės ūkio veiklą ar 50 proc. nuo asmeniniams poreikiams išsiimtos lėšų sumos mažųjų bendrijų, ūkinių bendrijų nariams ar individualių įmonių savininkams. Deklaruojant pajamas svarbu atkreipti dėmesį į tai, kad metinė suma, nuo kurios sumokėtos Sodros įmokos ir VMI deklaruota apmokestinamųjų pajamų sutaptų. Tai reiškia, kad negalima sumokėti daugiau įmokų, nei siekia gyventojo deklaruotos pajamos, kadangi socialinio draudimo įmokų bazė visuomet yra susijusi su apmokestinamomis pajamomis. Taigi, galima sumokėti įmokas į priekį, tačiau deklaruojant pajamas, VMI deklaruojama apmokestinamoji suma ir suma, nuo kurios mokėtos socialinio draudimo įmokos , turi sutapti.",https://www.delfi.lt/verslas/mano-eurai/atsiskaicius-su-vmi-reikia-atsiskaityti-ir-su-sodra-kaip-ir-kada-susimoketi-120242520
verslas,"Kupiškyje aeroklubą įkūręs Laurynas į pajūrį skrenda lėktuvu: paskaičiavo, kiek tai kainuoja","Nuo mažens tarp lėktuvų augęs Laurynas Griauzdė įkūrė Kupiškio aerodromą, kuriame skraidyti mokinasi būsimi AirBaltic pilotai. Tačiau jis neslepia, kad verslas ne toks pelningas, kaip norėtųsi - koją kiša aerodromo lokacija. Delfi tęsia rubriką, kurioje lanko regionų verslus . Šį kartą pasikalbėjome su pilotu L. Griauzde, šiuo metu vadovaujančiu Kupiškio aeroklubui. Mano tėtis yra pilotas, jis skraido ir šiandien. Taip ir užaugome aerodrome. Jis ankstyvojoje mano vaikystėje vadovavo Panevėžio aeroklubui - ten vaikus ir padėdavo. Lėktuvuose užaugome, - Delfi sakė L. Griauzdė.",https://www.delfi.lt/verslas/transportas/kupiskyje-aerokluba-ikures-laurynas-i-pajuri-skrenda-lektuvu-paskaiciavo-kiek-tai-kainuoja-120235456
verslas,Ilgametės bendrovės vadovas kalba apie dar vieną brangimą: seniai matyta,"Tris dešimtmečius Jonavoje veikianti bendrovė Lonas demografinę padėtį šalyje vertina kaip iššūkį: juk be naujakurių bus mažesnė čiužinių ir kitų poilsiui skirtų prekių paklausa. Dar ir naftos kainos pakilo, tad brangsta žaliava. Tačiau šeimos verslas jau plečiasi į Lenkiją ir neketina sustoti. Delfi tęsia rubriką Žinios iš regionų ir šįkart lankosi Jonavoje, kur prie Lono įmonių grupės vairo stojo jau antroji verslininkų karta. Vadovas Domas Jakutis sakė, kad plėtra yra vienas iš dviejų kelių, norint pasivyti augančius kaštus. Interviu aptarėme miego kultūrą ir pramonę, verslo aplinką, darbo rinką, domėjomės, ar žaliavos brangins ir galutinę produkciją.",https://www.delfi.lt/verslas/naujienos/ilgametes-bendroves-vadovas-kalba-apie-dar-viena-brangima-seniai-matyta-120238626
veidai,Žiauriai nužudyto Manto Sadausko kolegos atvėrė širdis: skaudūs įtarimai kilo nuo pirmų akimirkų,"Praėjusią savaitę Lietuvą sukrėtė kraupi istorija - Panevėžio rajone nužudytas 31 metų paramedikas Mantas Sadauskas . Žiauriu nusikaltimu įtariama vyro buvusi sutuoktinė, tituluota kultūristė Justina Gaigalaitė ir jos naujasis draugas. Savaitgalį, atsisveikindami su velioniu, M. Sadausko artimieji, draugai ir kolegos dalijosi jautriais prisiminimais, o kai kurie neslėpė - neva nuo pat pradžių turėjo įtarimų, kad šioje istorijoje neišvengiamai figūruos buvusios žmonos vardas. Pirmadienio vakarą laidoje KK2 parodytas reportažas iš atsisveikinimo su M. Sadausku, kuriame artimieji ir kolegos dalijosi skaudžiais prisiminimais. Velionio kolegės, sunkiai tvardydamos emocijas, atviravo apie pirmąsias mintis, sužinojus apie tragediją. Asmeniškai mano pirma mintis tokia ir buvo, kad Justina prikišusi nagus. Jis buvo užsiminęs, kad ten - konfliktai, viskas, - kalbėjo M. Sadausko kolegė Gitana. Jai antrino ir greitosios medicinos pagalbos darbuotoja Neringa. Pagalvojau tą patį - blogiausią, ką ir visi. Kodėl? Todėl, kad aplinkybės tokios jo asmeninio gyvenimo, - neslėpė ji. Dar viena kolegė, sunkiai tvardydama emocijas, žurnalistams kalbėjo apie negrįžtamą netektį ir prisipažino - jei galėtų, įtariamajai užduotų tik vieną klausimą. Manto jau nebėra ir nebebus. Visi tą supranta. Gerai yra bent tiek, kad už tai atsakingi asmenys yra sulaikyti. Aš užduočiau tai moteriai tik vieną klausimą - ar tu supranti, ką tu padarei savo vaikams, Justina? Ar supranti? - su ašaromis kalbėjo ji. Primename, kad sekmadienio popietę šios savaitės pradžioje žiauriai nužudytas M. Sadauskas atgulė amžinojo poilsio Raguvėlės kapinėse. Jo kapas liko nuklotas baltais gėlių žiedais, šalia kurių buvo matyti ir jautrūs šeimos žodžiai. Atsisveikinti su M. Sadausku susirinko būrys jo artimųjų, kolegų ir bičiulių. Vyro kapą nuklojus baltiems gėlių žiedams, šalia jų buvo galima matyti ir užrašus Ilsėkis ramybėje, Mantukui nuo GMP kolektyvo.",https://www.delfi.lt/veidai/ivairenybes/ziauriai-nuzudyto-manto-sadausko-kolegos-atvere-sirdis-skaudus-itarimai-kilo-nuo-pirmu-akimirku-120242691
veidai,Sulaikius Bertulį – griežtas Lietuvos oro uostų įspėjimas: įsidėmėkite,"Šis pirmadienis keliautojui ir prodiuseriui Mantui Bertuliui buvo itin nesėkmingas - vyras Vilniaus oro uoste buvo sulaikytas dėl netyčia kuprinėje likusios kulkos. Siekiant išvengti panašių situacijų, Lietuvos oro uostų atstovas spaudai Delfi skaitytojams primena apie draudžiamus daiktus, apie kuriuos kartais nė nesusimąstome.",https://www.delfi.lt/veidai/zmones/sulaikius-bertuli-grieztas-lietuvos-oro-uostu-ispejimas-isidemekite-120242556
veidai,"Viktorija Siegel – apie jai klijuojamą klaidingą etiketę: esu tokia, kokia esu","Garsi šalies verslininkė, nuomonės formuotoja Viktorija Siegel ryžosi itin atviram pokalbiui Viktorijos Macijauskienės Inner Minds tinklalaidėje. Ten moterys šnekučiavosi pačiomis įvairiausiomis, daugeliui moterų aktualiomis temomis, kartu atsigręždamos ir į klaidingas nuomones, kurios apie V. Siegel esą pasigirsta viešumoje. Instagrame pasirodžiusioje laidos iškarpoje V. Siegel apie klaidingus įsivaizdavimus ir tai, kaip jaučiasi pati, kalbėjo: Aš iš šono kai kam atrodau arogantiška. Bet aš manau, kad aš nesu arogantiška. Aš tiesiog esu tokia, kokia esu. Kartais aš tiesiog labai tiesmukiškai bendrauju, dėl to gali atrodyti, kad kažką per daug pasakai. Tokios vidinės stiprybės, pasitikėjimo savimi ir netgi savotiško atsparumo V. Siegel esą išmokė pats gyvenimas ir jame pasitaikiusios ne visada lengvos patirtys. Prieš metus aš jaučiausi gerai, tvirtai, bet toli gražu ne taip, kaip dabar. Dabar pas mane visiška vidinė harmonija, ramybė. Aš visą savo praeitį traktuoju kaip labai geras pamokas ir savęs auginimą. Tie, kas yra šalia manęs, man tikrai ne kartą yra pasakę: Viktorija, tu labai paaugai per pastaruosius metus - tu užaugai kaip asmenybė, - laidoje taip pat kalbėjo garsi verslininkė. Primename, kad pastaruoju metu V. Siegel pamatyti įvairiose TV laidose ar išgirsti dalijant interviu galima tikrai retai. Tiesa, praėjusiais metais garsi moteris svečiavosi ir Delfi TV laidoje Nuogas pokalbis su Danieliumi Bunkumi - šį pokalbį žiūrėti galite čia:",https://www.delfi.lt/veidai/zmones/viktorija-siegel-apie-jai-klijuojama-klaidinga-etikete-esu-tokia-kokia-esu-120239837
veidai,Milijoninėse vestuvėse Prancūzijoje – būrys žvaigždžių: svarbų vaidmenį atliko ir Mantas Petruškevičius,"Pietų Prancūzijoje įvyko tikra žvaigždžių puota - itin prabangioje ceremonijoje susituokė garsus Kyjivo verslininkas, IT įmonės Spribe bendraįkūrėjas Niko Lomia ir ukrainiečių modelis Nika. Ši iškilminga šventė, apie kurią jau kalbama užsienio žiniasklaidoje, surengta istoriniame dvare su vaizdu į Viduržemio jūrą, o joje dalyvavo daugybė žinomų svečių ir pramogų pasaulio atstovų. Beje, svarbus vaidmuo ten teko ir garsiam mūsų tautiečiui, floristui Mantui Petruškevičiui . Kaip skelbia užsienio žiniasklaida, šios įspūdingos meilės šventės vedėju tapo rusų šou verslo pasaulio atstovas Maksimas Galkinas - pranešama, kad jo vakaro honoraras siekė apie 130 tūkst. JAV dolerių. Tarp kviestinių svečių buvo ir prieštaringai vertinamas Rusijos dainininkas Valerijus Meladzė , kuris atliko žinomiausius savo kūrinius. Šaltinių teigimu, jo pasirodymas kainavo apie 170 tūkst. dolerių. Didžiausia vakaro staigmena esą tapo pasaulinio lygio žvaigždės Ricky Martino pasirodymas. Neoficialiais duomenimis, jo honoraras galėjo siekti net 1,5 mln. dolerių. Nors oficialus svečių sąrašas nebuvo paskelbtas, socialiniuose tinkluose pasirodžiusios nuotraukos leidžia manyti, kad šventėje galėjo dalyvauti daugybė garsių žmonių. Šventės akimirkomis dalijosi ir jos dekoru besirūpinęs Mantas Petruškevičius: Jaunikis Niko Lomia yra gruzinų kilmės verslininkas, kartu su partneriais Kyjive įkūręs IT įmonę, besispecializuojančią internetinių žaidimų kūrime, rašo užsienio žiniasklaida. Nuotaka anksčiau dirbo modeliu Charkive ir dalyvavo Mis Ukraina konkurse.",https://www.delfi.lt/veidai/uzsienio-zvaigzdes/milijoninese-vestuvese-prancuzijoje-burys-zvaigzdziu-svarbu-vaidmeni-atliko-ir-mantas-petruskevicius-120242686
veidai,"Dirkstys pasakė, ką iš tiesų galvoja apie Maslobojevą","Neseniai įvykusiame UTMA 18 renginyje paaiškėjo netikėta žinia - jau rudenį kovai vienas prieš kitą į ringą žengs Sergejus Maslobojevas ir jaunosios kartos kovotojas Dominykas Dirkstys . Atrodo, kad šio momento publika išties nekantriai laukia - bilietai į renginį šluojami masiškai, audrų netrūksta ir socialiniuose tinkluose. Tiesa, jų pakurstyti nevengia ir pats Dirkstys. Neseniai socialiniuose tinkluose D. Dirkstys pasidalijo iškarpa iš interviu, kuriame jau džiaugiamasi artėjančio UTMA 19 turnyro jėga - organizacijos viešųjų ryšių specialistas tada pasakojo, kad bilietai į renginį šiuo metu šluojami tiesiog masiškai, o perkamumas esą jau muša visus rekordus. Atrodo, pats kovotojas dėl to nesigėdija prisiimti laurų sau pačiam. Instagram istorijose D. Dirkstys rėžė: Dėl pardavimų yra momentas, kai turi prisiimti villain rolę. Maslobojevas daug metų sakė ačiū, kad atėjot, bet niekada nekovojo pilnoje Žalgirio arenoje - to Lietuvoje dar nebuvo. Aš prisiėmiau tą vaidmenį. Ir žmogui, kurį gerbiu, pasakiau eik n**** - dėl vieno tikslo: kad tai įvyktų. Nes žinau, kas žmonėm patinka. Ir rugsėjį mes kovosim pirmą kartą Lietuvos kovinio sporto istorijoje pilnoje Žalgirio arenoje. Nes aš nepabijojau būti tuo blogiuku ir priimti švilpimus, kad sukurčiau kažką didesnio. Publika neabejoja - S. Maslobojevo ir D. Dirksčio kova bus tikrai karšta. Tiesa, jaunajam kovotojui vakaras nusimato ne tik kovingas, bet ir ypatingas - neseniai pasklido žinia, kad tądien Dominykas ves Oksaną Pikul . Primename, kad paskutiniajame UTMA renginyje D. Dirkstys tūkstančių žmonių akivaizdoje Oksanai pasipiršo.",https://www.delfi.lt/veidai/zmones/dirkstys-pasake-ka-is-tiesu-galvoja-apie-maslobojeva-120242448
veidai,Princo Williamo ir Kate Middleton fotografas prabilo apie „nenormalų“ jų vaikų auklėjimą,"Nors informacija apie princo Williamo ir Kate Middleton vaikų asmeninį gyvenimą viešumoje pasirodo itin retai, ilgametis karališkosios šeimos fotografas Chrisas Jacksonas atveria užkulisius į jų unikalų augimo procesą. Pristatydamas savo naująją knygą Šiuolaikinis didingumas: Britanijos karališkoji šeima naujoje eroje, fotografas pasidalijo pastebėjimais apie tai, kaip princas George'as (12 m.), princesė Charlotte (11 m.) ir princas Louisas (7 m.) pradeda suvokti savo išskirtinę padėtį pasaulyje. Ch. Jacksonas, ne vieną dešimtmetį fiksuojantis svarbiausias monarchijos akimirkas, pastebi, kad vaikai jau pakankamai suaugę, jog suprastų - jų auklėjimas toli gražu nėra įprastas. Dalyvavimas tokiuose renginiuose kaip Trooping the Colour paradas ar kiti oficialūs vizitai, vaikams tampa aiškiu signalu, kad jų vaikystė skiriasi nuo bendraamžių. Pasak fotografo, vaikai pamažu perima tėvų laikyseną ir supranta, kad būti tūkstančių akių stebimiems nėra kasdieniška situacija, tačiau jie prie to prisitaiko stebėtinai natūraliai. Ypatingo fotografo dėmesio sulaukė princesė Charlotte, kurią jis apibūdina kaip miniatiūrinę Kate versiją. Ch. Jacksonas žavisi jos nepriekaištinga laikysena ir susikaupimu, ypač išskirdamas kadrą iš 2024 m. parado, kuriame mažoji princesė karietoje atrodo neįtikėtinai rimta ir brandi. Nors Charlotte bruožai dažnai lyginami su tėčio Williamo, fotografas pabrėžia, kad jos elgesys ir gebėjimas save pateikti viešumoje yra geriausias jos motinos pavyzdžio atspindys. Nepaisant griežto protokolo, karališkoje šeimoje netrūksta ir paprasto vaikiško džiugesio. Fotografas prisiminė itin juokingą akimirką, užfiksuotą per 2025 m. Pergalės dienos paradą. Kol pasaulis stebėjo iškilmingą ceremoniją, broliai ir sesuo nesulaikė juoko ir linksmai šaipėsi iš vyresniojo brolio George'o šukuosenos. Šis momentas Ch. Jacksonui priminė, kad už oficialių titulų slepiasi paprasta ir darni šeima, kurioje vaikai mėgaujasi bendravimu ir vienas kito draugija. Šiuo metu Velso princesė Kate Middleton itin rūpinasi vaikų ateitimi, kruopščiai rinkdama jiems tinkamiausias mokyklas ir stengdamasi išlaikyti sveiką balansą tarp jų viešų pareigų bei privataus gyvenimo. Ch. Jacksono nuomone, šie vaikai po truputį tampa naujosios eros veidais, mokydamiesi derinti vaikišką nuoširdumą su būsimomis karališkosiomis pareigomis.",https://www.delfi.lt/veidai/uzsienio-zvaigzdes/princo-williamo-ir-kate-middleton-fotografas-prabilo-apie-nenormalu-ju-vaiku-auklejima-120234661
veidai,Valujavičiui vėjas nebaisus: pats vienas nuo kelio patraukė medį,"Lietuvoje šiuo metu orai tikrai nelepina - pučia labai stiprus vėjas, o temperatūra išlieka gana žema. Dėl tokių sąlygų kai kuriose vietovėse neatlaikė ir medžiai. Vis dėlto panašu, kad keliautojui Aurimui Valujavičiui gamtos išdaigos nebaisios. Savo ryžtą jis pademonstravo keliaudamas po Lietuvą, kai visiškai netikėtai jo kelią užtvėrė nuvirtęs medis. Užuot skambinęs pagalbai ar laukęs, kol situacija bus išspręsta, vyras nusprendė imtis veiksmų pats. Instagram paskyroje paskelbtame vaizdo įraše matyti, kaip A. Valujavičius be didesnių sunkumų patraukia ant kelio nuvirtusį medį, taip atlaisvindamas pravažiavimą. Situaciją jis pakomentavo trumpai ir su šypsena: Sekmadienio vėjas niekadėjas. Primename, kad savaitgalį Lietuvoje vyravo itin permainingi orai - dangų dažnai dengė nepastovus debesuotumas, o daugelyje šalies vietovių gyventojai sulaukė ne tik trumpalaikio sniego, bet ir pavasariui nebūdingų reiškinių. Remiantis meteo.lt duomenimis, daug kur kelis kartus trumpai pasnigo - krito šlapios snaigės ir sniego kruopos. Kai kur netgi nugriaudėjo perkūnija, kas šiuo metų laiku yra gana retas reiškinys. Be to, pūtė itin stiprus vėjas: daugelyje rajonų jo gūsiai siekė 15-20 m/s, o kai kur sustiprėjo net iki 23 m/s. Tokios oro sąlygos ne tik trikdė eismą, bet ir kėlė pavojų gyventojų saugumui, todėl specialistai ragina išlikti budriems.",https://www.delfi.lt/veidai/zmones/valujaviciui-vejas-nebaisus-pats-vienas-nuo-kelio-patrauke-medi-120242514
veidai,Nyderlandų karaliaus dienos minėjimas Vilniuje subūrė žinomus svečius,"Pirmadienio vakarą sostinėje vyko iš anksto suplanuotas Nyderlandų karaliaus dienos minėjimas. Į pobūvį susirinko garbūs svečiai , tarp kurių buvo ir daugybė žinomų veidų. Renginyje vyravo pakili ir šventiška nuotaika - svečiai bendravo neformalioje aplinkoje, dalijosi įspūdžiais, o vakaras tapo puikia proga susitikti skirtingų sričių atstovams. Tarp susirinkusiųjų buvo galima išvysti tiek politikos, tiek verslo, tiek kultūros pasaulio atstovus - jie mielai pozavo ir fotografams. Tradiciškai šiai progai būdingas simbolinis akcentas atsispindėjo ir svečių aprangoje. Kvietime išsakytas prašymas įvaizdyje panaudoti oranžinės spalvos detales neliko nepastebėtas - daugelis renginio dalyvių pasirinko subtilius, tačiau išraiškingus akcentus, taip pagerbdami Nyderlandų karališkąją tradiciją.",https://www.delfi.lt/veidai/zmones/nyderlandu-karaliaus-dienos-minejimas-vilniuje-subure-zinomus-svecius-120242704
veidai,Modesta Vžesniauskaitė pademonstravo tikrą eleganciją: sunku atitraukti akis,"Išskirtiniais įvaizdžiais garsėjanti Modesta Vžesniauskaitė šį savaitgalį dar kartą įrodė savo nepriekaištingą stiliaus pojūtį. Nors šįkart jos pasirinktas derinys buvo kiek subtilesnis nei įprastai, jis vis tiek neliko nepastebėtas ir traukė aplinkinių žvilgsnius. Garsi lietuvė dažniausiai savo kasdienybės akimirkomis ir dalyvavimu įvairiuose renginiuose dalijasi socialiniuose tinkluose, ypač Instagram paskyroje. Ten sekėjai gali išvysti ne tik jos stiliaus pasirinkimus, bet ir jaukias šeimos akimirkas su mažamečiais vaikais. Vis dėlto šįkart, panašu, kad ji laiką leido kiek kitaip - be vaikų, daugiau dėmesio skirdama sau ir savo įvaizdžiui. Tai išduoda ir jos pasirinktas elegantiškas, moteriškumą pabrėžiantis derinys, subtiliai išryškinęs natūralų grožį. Juoda, aptempta suknelė ant jos figūros atrodė tarsi pasiūta specialiai jai - pabrėžė siluetą ir suteikė rafinuotumo. Verta paminėti, kad tai ne užsienio mados namų kūrinys. Šį įspūdingą drabužį Modesta įsigijo iš LuPa Mo.",https://www.delfi.lt/veidai/zmones/modesta-vzesniauskaite-pademonstravo-tikra-elegancija-sunku-atitraukti-akis-120242496
veidai,Nesantaika tarp Lilo ir Innomine bei OG Version: kas nutiko?,"Savaitgalį Lilas ir Innomine savo gerbėjams pristatė kūrinį, kuriame apdainavo OG Version per M.A.M.A. apdovanojimus grupės nariams mestas replikas dėl kuriamos neva serialams skirtos muzikos. Į tai akimirksniu sureagavo ir pats OG Version. Sekmadienį Lilas ir Innomine pristatė kūrinį Labubu, kuriame apdainuotas OG Version. Jeigu be skandalų? Jei be fonogramos? Jei bent sakinuką vieną rišlų ar įmanoma? Kas nutiko, Labubu, ko tau neramu taip? Kas nutiko, Labubu, negi tai iš kvailumo tik? Nežinai kas per hiphopas, tu nesupranti tipo? Mes dėdės iš kurių nuomojies mašinas klipam, mes priežastis pirma ir paskutinė, balvone, dėl ko vardas tavo skambės stadione, - skamba žodžiai Lilo ir Innomine dainoje. Į tokį grupės narių pareiškimą netrukus sureagavo ir OG Version, pristatęs savo kūrinį Lilas ir be nuomonės. Tiesa, panašu, kad kūrinys, kuriame skamba kur kas aštesnės replikos Lilo ir Innomine aplinkai, sulaukė daug kritikos iš OG Version gerbėjų. Tau gi sakė nesivelt, atrodo, kad tu debilas . Būsiu aš didesnis, o ne Lilas, ne kaip Innomine, girdėjau domina tave ten mergos kominės. Tada su***o patį tave iki būsenos ten kominės. Tipo veidai visuomenės, už Ukrainą ar už ką tu niūchas , p*****s , g******s . Gal dar paliečiam ir žmonas? - repavo OG Version. Akimirksniu po juo pasipylė ir kritikos negailintys komentarai: Gal ir gerai kad tą studiją atėmė iš tavęs; Nežinau kaip veikia šitie dalykai jūsų pasaulyje, bet paklausius abu gabalus labai jaučiasi, kuris yra kūrėjas, o kuris niuchas iš Šilainių; Pas Lilą nei vieno rusiško keiksmažodžio nebuvo, o čia kas penktas žodis. Daug ką parodo...; Pavydžiu žmonėm kurie neklausė šito gabalo. Sekmadienį į Lilo ir Innomine instagrame paviešintas žinutes apie naują kūrinį, kurį įkvėpė OG Version keiksmai per M.A.M.A. apdovanojimus, sureagavo ir pats reperis. Jis teigė, kad grupė tokiu savo pareiškimu tik nori sulaukti dėmesio. Prieš kelis mėnesius nugriaudėję M.A.M.A. apdovanojimai neapsiėjo be skandalų. Hiphopo muzikos grupės apdovanojimą atsiėmę Lilas ir Innomine sulaukė OG Version replikų, į kurias galiausiai sureagavo šį sekmadienį. Delfi jau anksčiau rašė, kad šiais metais per M.A.M.A. apdovanojimus reperis OG Version svaidėsi užgauliomis replikomis ne tik priešais filmavimo kameras, bet ir socialiniuose tinkluose. Pretendavęs į Metų hip-hop muzikos grupės ar atlikėjo apdovanojimą, Dominykas Ježerys-OG Version greičiausiai tikėjosi ir atsiimti šį trofėjų. Vis dėlto jį pelnė Lilas ir Innomine. Šia proga OG Version savo instagramo istorijoje išreiškė asmeninę nuomonę. B***s čia, ne hip-hopas, - rėžė Dominykas. Paskui pasidalijo dar platesne nuomone: Serialų muzika k***a . O kur hip-hopas? Ir nors vasario mėnesį į tokias OG Version replikas Lilas ir Innomine nusprendė nereaguoti, šį sekmadienį grupė instagrame ir vėl priminė šiuos OG Version įrašus. Vėliau Lilas ir Innomine pasidalijo publikacijų antraštėmis, kurios buvo paviešintos po OG Version mestų replikų. Galiausiai grupės nariai kvietė savo gerbėjus pasiruošti popkornų ir laukti naujos dainos, kuri Youtube kanale buvo paviešinta sekmadienį, 19 val., kaip atsakas į OG Version žodžius. Į tokį netikėtą Lilo ir Innomine pareiškimą akimirksniu sureagavo ir OG Version. Instagrame jis pasidalijo keliais įrašais, kuriame išreiškė nuomonę, kad grupė tik nori sulaukti daugiau dėmesio. Ooo, cloutchaseriai . 19.02 pasiruoškit Estrella mėlynus, bus popkornų. Seni , jūs kol įkelsit, aš jum 3 dissus spėsiu parašyt, - rašė OG Version ir pasidalino šią situaciją aptariančiomis žinutėmis su atlikėju Proflame. M.A.M.A. apdovanojimų akimirkos - galerijose:",https://www.delfi.lt/veidai/muzika/nesantaika-tarp-lilo-ir-innomine-bei-og-version-kas-nutiko-120242553
laisvalaikis,90-metis Algirdas vairuoja loterijoje išloštą automobilį: pasisekė ir gyvenimas su ypatinga žmona,"Šešiasdešimt metų kartu nugyvenę panevėžiečiai Algirdas Stanislovas ir Janina Čyžiai tikina, kad pasirinkę vienas kitą tikrai neprašovė. Kaimo vakaruškose kritę vienas kitam į akį, ilgokai draugavę, dabar į devintą dešimtį įkopę sutuoktiniai džiaugiasi bendra laime. Jųdviejų sūnus Ričardas šypsosi sakydamas, kad iš tėčio ne kartą girdėjęs, jog gražuolę ilgakasę žmoną jaunystėje atkovojęs nuo kitų gerbėjų. Kautis būta dėl ko!",https://www.delfi.lt/gyvenimas/brandiems/90-metis-algirdas-vairuoja-loterijoje-islosta-automobili-pasiseke-ir-gyvenimas-su-ypatinga-zmona-120241596
laisvalaikis,Policija negalėjo rasti dingusios moters dėl labai redaguotų nuotraukų socialiniuose tinkluose,"Dėl naudojamų filtrų moters išvaizda paieškos skelbimuose gerokai skyrėsi nuo tikrosios, o tai suklaidino vietos gyventojus. Meksikoje moters dingimo byla sukėlė aktyvias diskusijas dėl filtrų ir nuotraukų redagavimo vaidmens socialiniuose tinkluose. Kaip rašo Oddity Central, perdėtas nuotraukų apdorojimas gerokai apsunkino policijos darbą, nes paviešintų nuotraukų vaizdas neatitiko realybės. Kalbama apie 30-metę Gresią Guadalupe Orantes Mendosą, kuri dingo balandžio 12-osios naktį Čiapaso valstijoje. Artimiesiems kreipusis į pagalbą, teisėsaugos pareigūnai aktyvavo Protocolo Alba - specialų greitojo reagavimo mechanizmą, skirtą dingusių moterų paieškai . Vykdydama šį protokolą, policija naudojo moters nuotraukas iš jos socialinių tinklų paieškos skelbimams kurti. Jie buvo platinami tiek internete, tiek tarp vietos gyventojų. Tačiau iškilo netikėta problema: dingusiosios pažįstami teigė, kad šiose nuotraukose ji atrodo visiškai kitaip. Situacijose, kai kiekviena valanda yra kritinė, teisingas asmens atpažinimas yra pagrindinis sėkmės veiksnys. Tačiau šiuo atveju per daug redaguoti vaizdai tik suklaidino žmones ir apsunkino moters identifikavimą. Socialiniuose tinkluose plito kritiški komentarai: vartotojai stebėjosi, kaip įmanoma rasti žmogų pagal nuotrauką su gausybe filtrų. Laimė, po kelių dienų moteris buvo rasta gyva. Ji aptikta greitkelyje tarp Okozokoutlos ir Hikipilo savivaldybių. Šiuo metu ji yra policijos priežiūroje, o dingimo aplinkybės neatskleidžiamos - vyksta tyrimas. Šis atvejis vėl iškėlė klausimą dėl socialinių tinklų nuotraukų naudojimo paieškos kampanijose. Nepaisant jų prieinamumo, ekspertai įspėja, kad perdėtas redagavimas gali ne padėti, o priešingai - sutrukdyti paieškoms. Saugumo konsultanto Davido Sausedo teigimu, Nacionalinė dingusių asmenų paieškos komisija jau anksčiau fiksavo šią problemą: medžiaga paieškos protokolams dažnai rengiama remiantis nuotraukomis su filtrais ar net naudojant dirbtinio intelekto įrankius, o tai mažina jų efektyvumą.",https://www.delfi.lt/gyvenimas/istorijos/policija-negalejo-rasti-dingusios-moters-del-labai-redaguotu-nuotrauku-socialiniuose-tinkluose-120242636
laisvalaikis,Ekspertė įvardijo didžiausią jaunimo klaidą renkantis karjerą,"Pastaruoju metu vis dažniau girdima jaunų žmonių frazė - dar nežinau, ką noriu veikti. Karjeros ir personalo valdymo ekspertė Audra Stankevičienė sako, kad pati ši būsena nėra problema. Problema atsiranda vėliau - kai šis nežinojimas per ilgai užsitęsia. Nežinoti yra normalu. Tačiau matau, kad vis dažniau ieškojimas, o iš to seka, ir karjeros pasirinkimas tiesiog atidedamas. Tada jis atsiranda ne iš aiškumo, o iš spaudimo - egzaminų, terminų ar aplinkos, - teigia A. Stankevičienė. Anot jos, šiandien vis dažniau kartojama mintis, kad jaunų žmonių nereikia spausti. Tačiau praktika rodo, kad vien palikti juos susigaudyti patiems taip pat nėra sprendimas. Kai jaunas žmogus pats nesirenka krypties, ji susiformuoja savaime įtakojama aplinkos. Pasirenka tai, kas tuo metu madinga arba kas atrodo saugiausia, ar ką supranta savo jaunatvišku požiūriu, ar kas tiesiog lengviausia. Vėliau atsiranda jausmas, kad einama ne tuo keliu, bet jau būna skirta per daug laiko, kad būtų lengva sustoti, - atsiųstame pranešime spaudai sako ekspertė. Šioje vietoje labai svarbų vaidmenį atlieka tėvai. Pasak A. Stankevičienės, didžioji dalis tėvų nuoširdžiai nori vaikams geriausio. Tačiau būtent čia ir slypi viena dažniausių klaidų. Tėvai dažnai remiasi savo patirtimi arba tuo, kas jiems atrodo saugu: stabilus darbas, aiški profesija, garantuotos pajamos. Tai suprantama. Bet tai nebūtinai sutampa su vaiko stiprybėmis ar interesais. Kitas variantas, kai tėvai duoda visišką laisvę rinktis ir tada dažnai vaikai renkasi tai, ką dabar supranta, bet neatžvelgdami į karjeros ateities perspektyvas, - teigia ji. Ji pastebi, kad dalis jaunų žmonių renkasi studijas ne todėl, kad jos jiems tinka, o todėl, kad jos ramina tėvus. Esu mačiusi ne vieną situaciją, kai jaunas žmogus pasirenka kryptį, kuri atrodo logiška ir teisinga, bet po kelių metų paaiškėja, kad jis ten nesijaučia savas. Tada prasideda karjeros keitimas, nusivylimas ir paieškos iš naujo, - sako A. Stankevičienė. Ekspertė pateikia ir konkretų pavyzdį iš savo praktikos. Vienuoliktokas, paklaustas, ką jau padarė, kad geriau suprastų savo kryptį, atsakė: dar nieko konkretaus, bet galvosiu kitais metais. Kitu atveju jauna moteris pasirinko studijas dėl tėvų rekomendacijų, tačiau vėliau suprato, kad ši sritis jai visiškai nepatinka. Tokios istorijos nėra išskirtinės. Jos kartojasi. Ir dažniausiai jos prasideda nuo to, kad sprendimas buvo atidėtas arba priimtas ne savo balsu, - teigia ji. Pasak ekspertės, svarbiausia suprasti, kad klaidos karjeros pasirinkime nėra didžiausia problema. Blogiausia ne suklysti. Blogiausia - nepradėti rinktis iš viso arba rinktis tik tai, kas atrodo paprasčiausia. Aiškumas neatsiranda iš galvojimo. Jis atsiranda iš veiksmo - kai kalbiesi, bandai, domiesi, išeini iš komforto zonos. Turiu pavyzdžių, kai moksleiviai ateina į karjeros konsultaciją jau dalyvavę įvairiose veiklose, paskaitose, atlikę testus, tačiau vis dar besiblaškantys. Tokiems vaikams karjeros konsultacija yra kaip visų taškų sudėliojimas į savo vietas, o tiems, kurie dar nieko nėra analizavę, tai būna pasirinkimų susiaurinimas, tačiau toliau vis tiek reikia įdėti darbo, kad tinkamai pasirinktų, - pabrėžia A. Stankevičienė. Ji taip pat atkreipia dėmesį, kad daug svarbių sprendimų gyvenime gimsta ne tada, kai žmogus jaučiasi visiškai pasiruošęs. Labai dažnai pradžia būna su abejonėmis. Tai normalu. Klausimas ne ar jau esi pasiruošęs, o ar jau ruošiesi, - sako ji. Ekspertės teigimu, tėvų vaidmuo šiame procese yra esminis, tačiau jis turėtų būti kitoks nei dažnai įsivaizduojama. Vaikui nereikia, kad už jį būtų nuspręsta. Jam reikia, kad būtų padėta mąstyti. Kad būtų užduoti klausimai, kurie padeda pažinti save, o ne duoti atsakymą, - teigia A. Stankevičienė. Jos teigimu, ilgalaikėje perspektyvoje didžiausią naudą sukuria ne teisingas pirmas pasirinkimas, o gebėjimas sąmoningai rinktis: ko aš noriu, kokie mano gebėjimai, kokia darbo rinka ir jos perspektyvos. Tie, kurie pradeda ieškoti anksčiau, dažniausiai tiesiog greičiau supranta, kas jiems tinka. Ir tai tampa jų pranašumu, - apibendrina karjeros ir personalo valdymo ekspertė.",https://www.delfi.lt/gyvenimas/seima/eksperte-ivardijo-didziausia-jaunimo-klaida-renkantis-karjera-120242368
laisvalaikis,"Bėgo net tada, kai širdis nebeplakė: estų lengvaatletis pranoko žmogaus galimybes","Sporto istorijoje užfiksuota daugybė žygdarbių, tačiau archyvuose yra ir tokių reiškinių, kurie pranoksta žmogaus galimybes. Vienas iš jų siekia 1959 m. vasarą, kai Estijos sportininkas amerikiečių stadione Franklin Field toliau bėgo jau patyręs klinikinę mirtį. Šiandien Huberto Pärnakivi istoriją prisimena tik sporto istorikai. Jis neatnešė šaliai olimpinių medalių ar nesiekė pasaulio rekordų, tačiau parodė nuostabų nenugalimos valios pavyzdį.",https://www.delfi.lt/gyvenimas/istorijos/bego-net-tada-kai-sirdis-nebeplake-estu-lengvaatletis-pranoko-zmogaus-galimybes-120241520
laisvalaikis,"Horoskopai antradieniui, balandžio 28 d.: verta susidėlioti, kas iš tikrųjų svarbu","Ši diena gali atnešti daugiau noro susidėlioti tai, kas buvo kiek išsibarstę mintyse ir kasdieniuose reikaluose. Gali norėtis mažiau triukšmo, tikslesnių pokalbių ir aiškesnio supratimo, kas šiuo metu verta jūsų dėmesio, o kas tik eikvoja jėgas. Aplinkoje gali būti daugiau smulkių darbų, susirašinėjimo, derinimų ar taisymų, todėl jautrumas labiau kils iš nuovargio ir smulkmenų, nei iš didelių įvykių. Naudos gali duoti ramesni susitikimai, konkretūs susitarimai ir veikla, kur reikia kruopštumo, o ne greičio. AVINAS. Vidus gali būti jautresnis nei norėtųsi parodyti, todėl net paprasti dalykai gali pareikalauti daugiau susikaupimo. Darbe ar tvarkant kasdienius reikalus gali prisikaupti smulkių užduočių, laiškų ar nebaigtų klausimų, kurie primins apie save vienu metu. Vertėtų nebandyti visko spręsti iš karto ir pasilikti daugiau vietos ramiam tempui. JAUTIS. Ši diena gali švelniai priminti apie tai, kas jums teikia tikrą džiaugsmą, o ne tik naudą ar rezultatą. Santykiuose, pokalbyje su vaiku ar kūrybinėje veikloje gali atsirasti akimirka, kuri prašys daugiau atvirumo nei kontrolės. Verta rinktis šiltesnį bendravimą ir nesistengti visko paaiškinti iki galo tą pačią minutę. DVYNIAI. Daugiau dėmesio gali krypti į namus, vidinę ramybę ir tai, kaip jaučiatės savo artimiausioje aplinkoje. Šeimos pokalbis, buities sprendimas ar klausimas dėl gyvenamosios vietos gali pasirodyti svarbesnis nei išoriniai planai. Geriau remtis tuo, kas suteikia atramos, o ne tuo, kas atrodo skubu tik šiai akimirkai. VĖŽYS. Mintys šiandien gali būti judrios, bet aiškumas ateis ne per greitį, o per tikslesnį įsiklausymą. Gali padaugėti žinučių, skambučių, trumpų susitikimų ar reikalų su informacija, todėl lengva persikrauti smulkmenomis. Naudingiau būtų atsirinkti svarbiausius dalykus ir neskubėti atsakyti vien iš įpročio. LIŪTAS. Diena gali iškelti vertės temą labai paprastu, bet aiškiu būdu. Išlaidos, pirkinys ar pokalbis apie pinigus gali parodyti kur ieškote trumpalaikio palengvėjimo, o kur norisi tikro saugumo. Vertėtų rinktis tai, kas naudinga, net jei norėtųsi visai ko kito. MERGELĖ. Diena gali sustiprinti jautrumą aplinkai ir norą, kad viskas būtų savo vietoje. Susitikime, darbe ar kasdieniame bendravime greičiau pastebėsite netikslumus, vėlavimą ar neaiškią kitų laikyseną. Verta prisiminti, kad ne viską reikia pataisyti šiandien, kad galėtumėte jaustis ramiau. SVARSTYKLĖS. Ši diena gali būti tylesnė vidumi, nei atrodys iš šalies. Darbo ar santykių tema gali sugrąžinti prie klausimo, kurį atidėjote, nes tam anksčiau nebuvo nei jėgų, nei aiškumo. Geriausia būtų mažiau save spausti ir labiau saugoti vidinę pusiausvyrą. SKORPIONAS. Daugiau reikšmės gali įgyti žmonės, su kuriais jus sieja bendri planai ar ateities lūkesčiai. Draugų rate, komandoje ar aptariant bendrą idėją gali paaiškėti, kad ne visi tą pačią kryptį supranta vienodai. Verta remtis tuo, kas realiai sutarta, o ne prielaidomis. ŠAULYS. Diena gali išryškinti jūsų santykį su atsakomybe ir tuo, kaip atrodote kitų akyse. Pokalbis su vadovu, klientu ar žmogumi, nuo kurio priklauso sprendimas, gali pareikalauti rimtesnio tono ir mažiau improvizacijos. Pravartu kalbėti aiškiai, bet neperimti visos įtampos ant savo pečių. OŽIARAGIS. Tolimesnė kryptis šiandien gali rūpėti labiau nei momentinis patogumas. Reikalai dėl kelionės, dokumentų, mokymų ar susitarimų su tolimesniais žmonėmis gali prašyti papildomo dėmesio, nes ne viskas aiškėja iš karto. Verta palikti vietos tikslinimui ir nespausti greitos išvados. VANDENIS. Gilesnės temos šiandien gali būti arčiau paviršiaus, net jei nesinorės jų iš karto rodyti. Finansinis aptarimas, bendrų išlaidų klausimas ar atviresnis pokalbis apie pasitikėjimą gali pareikalauti daugiau sąžiningumo. Geriau rinktis tiesumą be įtampos ir nebandyti visko laikyti vien savo kontrolėje. ŽUVYS. Santykių laukas šiandien gali parodyti, kur trūksta ne logikos, o tikro išgirdimo. Pokalbyje su partneriu, klientu ar artimu žmogumi gali iškilti tema, kuri vienam atrodo labai aiški, o kitam vis dar jautri. Vertėtų likti pokalbyje kantriai ir nesistengti visko sutvarkyti per vieną akimirką. Horoskopai šiandien daug kam - smagi dienos pramoga. Geros dienos!",https://www.delfi.lt/gyvenimas/anapus-tikroves/horoskopai-antradieniui-balandzio-28-d-verta-susidelioti-kas-is-tikruju-svarbu-120242290
laisvalaikis,"Mitybos specialistė įvardijo supermaistą Nr. 1, kuris nepamainomas pusryčiams","Šis priedas tinka daugybei patiekalų ir padidina jų maistinę vertę, nekeisdamas skonio. Šiandien egzistuoja milijonas pusryčių variantų - nuo blynų iki avižinės košės ar omleto. Tačiau kai kurie pasirinkimai yra kur kas turtingesni maistinėmis medžiagomis nei kiti. NY Nutrition Group vadovė, mitybos specialistė Lisa Moscovits, leidiniui HuffPost papasakojo apie produktą, kuris pagerins pusryčių kokybę be jokių skonio pokyčių. Pasak specialistės, čija sėklos yra pusryčių supermaistas Nr. 1 dėl savo unikalių savybių: Skaidulos: Vienoje porcijoje (2-3 šaukštuose) yra beveik 10 gramų skaidulų - tai trečdalis rekomenduojamos paros normos. Mineralai ir vitaminai: Magnis, geležis, B grupės vitaminai. Baltymai: Nedidelis kiekis augalinių baltymų. Omega-3 riebalų rūgštys: Jos padeda palaikyti smegenų bei širdies sveikatą, mažina uždegiminius procesus ir gerina virškinimą. Skaidulos ne tik padeda virškinimui - įrodyta, kad jos mažina riziką susirgti širdies ligomis, diabetu bei kai kuriomis vėžio formomis. Čija sėklos yra neįtikėtinai universalios. Jas lengva įtraukti į kasdienę rutiną, ypač jei vertini kompaktiškumą ir laiką: Barstykite: Ant jogurto, avižinės košės, avokado skrebučio ar net kiaušinienės. Gerkite: Įmaišykite į kavą ar tiesiog į vandenį. Ruoškite iš anksto: Užmerkite sėklas migdolų, karvės ar kitame augaliniame piene ir palikite šaldytuve nakčiai - tai puikus pasirinkimas greitam užkandžiui ryte. Nustokite nerimauti dėl to, ką turite išbraukti iš raciono, ir tiesiog pagalvokite, ką naudingo galite į jį pridėti, - pataria L. Moscovits.",https://www.delfi.lt/gyvenimas/grozis_ir_sveikata/mitybos-specialiste-ivardijo-supermaista-nr-1-kuris-nepamainomas-pusryciams-120241714
laisvalaikis,"Pamirškite madingas dietas – mokslininkai atsakė, ko iš tikrųjų reikia širdžiai","Dešimtmečius dietologų ir kardiologų bendruomenė skilo į dvi stovyklas: vieni aukštino mažai riebalų turinčias dietas, kiti - mažai angliavandenių turintį racioną. Tačiau naujausias Harvardo universiteto mokslininkų tyrimas, paskelbtas Amerikos kardiologų koledžo žurnale, rodo, kad šis ginčas buvo beprasmis. Svarbiausia ne tai, kiek gramų riebalų ar angliavandenių suvalgote, o tai, kokia yra tų produktų kokybė. Mokslininkai išanalizavo beveik 200 tūkstančių vyrų ir moterų duomenis JAV. Tyrimas truko tris dešimtmečius, o bendra analizės apimtis viršijo neįtikėtinus 5,2 milijono žmogaus metų. Kadangi visi dalyviai buvo medicinos darbuotojai, jų pateikti mitybos duomenys vertinami kaip itin patikimi. Tyrimo rezultatai atskleidė paprastą, bet esminę tiesą: jei jūsų mažai angliavandenių turinti dieta susideda iš perdirbtos mėsos ir sočiųjų gyvulinių riebalų, arba jei jūsų liesas racionas yra pilnas cukraus ir rafinuotų miltų - naudos širdžiai nebus. Mažiau perdirbtų produktų: venkite dešrų, pusfabrikačių ir saldintų gėrimų. Augalinės kilmės maistas: vaisiai ir daržovės turi sudaryti raciono pagrindą. Neskaldyti grūdai: rudieji ryžiai, avižos ir pilno grūdo duona yra pranašesni už baltą duoną ar makaronus. Naudingi riebalai: alyvuogių aliejus, riešutai ir riebi žuvis teigiamai veikia cholesterolio balansą. Dalyviai, kurie orientavosi į maisto kokybę, o ne į griežtus kalorijų ar makroelementų apribojimus, pasižymėjo: Mažesniu uždegimo žymenų kiekiu kraujyje. Žymiai mažesne išeminės širdies ligos ir infarkto rizika. Susitelkimas tik į maistinių medžiagų sudėtį, neatsižvelgiant į produktų kokybę, gali nepadėti gerinti sveikatos, - pabrėžė tyrimo vadovas, epidemiologas Zhiyuan Wu. Ši išvada suteikia žmonėms daugiau laisvės. Jums nebereikia vergauti madingoms dietoms ar bijoti kiekvieno angliavandenio. Svarbiausia - rinktis kuo natūralesnį, augalinės kilmės maistą ir vengti pramoniniu būdu apdorotų produktų. Širdies sveikatos paslaptis yra ne ribojimas, o sisteminga mitybos kokybė. Šaltinis: Journal of the American College of Cardiology / ScienceAlert",https://www.delfi.lt/gyvenimas/grozis_ir_sveikata/pamirskite-madingas-dietas-mokslininkai-atsake-ko-is-tikruju-reikia-sirdziai-120241444
laisvalaikis,"Senatvė – ne amžius, o klaida: mokslas rado, kur organizmas „lūžta“","Šiuolaikinė medicina ilgą laiką senėjimą traktavo kaip neišvengiamą, linijinį procesą. Tačiau 2026-ieji žymi lūžį: vis daugiau mokslininkų ir praktikų teigia, kad tai, ką vadiname senatve, dažnai yra ne laiko pasekmė, o biocheminė klaida ląstelėse. Japonų mokslininko Yoshinori Ohsumi atrasta autofagija - ląstelių gebėjimas perdirbti savo atliekas - atveria naują diskursą apie žmogaus organizmo regeneracinį potencialą ir tvarią sveikatos vadybą. Senėjimas nėra tik raukšlės ar žili plaukai; tai lėtinis ląstelinio šiukšlyno kaupimas. Kai vidinės organizmo valymo sistemos nustoja veikti, ląstelės tampa zombiais, nuodijančiais aplinkinius audinius. Tačiau mokslas įrodė, kad šį procesą galima ne tik sustabdyti, bet ir deaktyvuoti naudojant specifinius biocheminius raktus. Tai nėra magija - tai griežta fiziologija, reikalaujanti peržiūrėti fundamentaliausią mūsų įprotį: nuolatinį užkandžiavimą. Remiantis gydytojo R. Karimovo metodika, senėjimas klasifikuojamas į tris pagrindinius scenarijus, kurių kiekvienas reikalauja specifinės intervencijos: Glikacijos (cukrinis) tipas: Perteklinė gliukozė kraujyje karamelizuoja baltymus. Kolagenas praranda elastingumą, kraujagyslės tampa trapios kaip stiklas. Tai ne tik estetinė problema, bet ir tiesioginis kelias į hipertoniją bei kataraktą. Uždegiminis tipas (Inflamm-aging): Tai tylus, rusenantis uždegimas, kurį dažniausiai sukelia nesubalansuota mityba (Omega-6 perteklius). Pagrindiniai indikatoriai - sąnarių stingimas ir rytinis tinimas. Mitochondrinis (nuovargio) tipas: Ląstelių baterijos - mitochondrijos - nustoja efektyviai gaminti energiją. Rezultatas - nuolatinis nuovargis ir rūkas galvoje, nepriklausantis nuo miego trukmės. 2016 metų Nobelio premija už autofagijos mechanizmų atradimą patvirtino: mūsų organizmas turi įdiegtą atliekų perdirbimo gamyklą. Ląstelė randa pažeistus baltymus ar virusų dalis ir juos suskaido į aminorūgštis, iš kurių vėliau stato naujas, sveikų ląstelių struktūras. Didžiausias autofagijos priešas yra insulinas. Kol kraujyje cirkuliuoja insulinas (kuris kyla kaskart užkandus), organizmas veikia kaupimo, o ne valymo režimu. Šie du procesai yra antagonistai - jie negali vykti vienu metu. Atsisakymas užkandžiauti tarp valgių leidžia nukristi insulinui ir įsijungti valymo procesams. Produktai, turintys spermidino (brandinti sūriai, grybai) ir polifenolių (žalioji arbata, tamsios uogos), veikia kaip ląsteliniai šveistukai. Paprasti pratimai, kaip Mikuulino šuoliukai, aktyvuoja limfos apytaką, kuri neturi savo siurblio (širdies) ir priklauso tik nuo raumenų vibracijos. Šis požiūris keičia sveikatos apsaugos paradigmą. Vietoj to, kad gydytume simptomus vaistais (kurie dažnai tik maskuoja kvapą), siūloma šalinti pačią gedimo priežastį - ląstelinį šiukšlyną. Tai strategiškai naudinga ne tik individui, bet ir visuomenei, mažinant priklausomybę nuo farmacijos pramonės ir ilginant aktyvaus darbingumo amžių. Šaltinis: Analizė parengta remiantis Dr. Ruslano Karimovo medicinine apžvalga Senatvė atšaukiama",https://www.delfi.lt/gyvenimas/grozis_ir_sveikata/senatve-ne-amzius-o-klaida-mokslas-rado-kur-organizmas-luzta-120241028
laisvalaikis,"12 „sveikų“ vaisių ir daržovių, kurių sudėtyje yra vėžį sukeliančių medžiagų ir pesticidų","Vaisiai ir daržovės laikomi vienu svarbiausių sveikos mitybos pagrindų, tačiau nauja analizė atkreipė dėmesį į kitą pusę - kai kuriuose populiariuose produktuose aptinkama gerokai daugiau pesticidų likučių nei kituose. Ekspertai sudarė vadinamąjį purvinojo dvyliktuko sąrašą ir įvardijo, ką verta žinoti prieš dedant produktus į krepšelį.",https://www.delfi.lt/gyvenimas/grozis_ir_sveikata/12-sveiku-vaisiu-ir-darzoviu-kuriu-sudetyje-yra-vezi-sukelianciu-medziagu-ir-pesticidu-120240573
laisvalaikis,Negalite išstovėti 10 sekundžių ant vienos kojos? Medikai jums turi blogų žinių,"Atrodo paprasta užduotis - pakelti vieną koją ir išlaikyti pusiausvyrą vos 10 sekundžių. Tačiau specialistai sako, kad šis testas gali daug pasakyti apie jūsų sveikatą. Jei tai padaryti sunku, vertėtų į tai ne numoti numoti ranka, o atidžiau įsiklausyti į savo kūną. Kalbant apie sveiką senėjimą ir gerą fizinę formą, vienas svarbiausių veiksnių yra pusiausvyra. Ji reikalinga ne tik sportuojant, bet ir kasdienybėje - lipant laiptais, einant nelygiu paviršiumi, staiga pasisukant ar išvengiant griuvimo paslydus. JAV Ligų kontrolės ir prevencijos centrų duomenimis, kasmet nukrenta vienas iš keturių vyresnių nei 65 metų žmonių. Daliai jų prireikia gydymo, hospitalizacijos ar ilgesnės reabilitacijos. Šiaurės Karolinos universiteto medicinos mokyklos geriatrijos docentė dr. Maureen Dale pabrėžia, kad kritimai yra viena didžiausių problemų, su kuriomis susiduria gydytojai. Kritimai gali sukelti klubo, stuburo slankstelių lūžius ar kitus rimtus sužeidimus, kurie stipriai paveikia žmogaus kasdienį gyvenimą. Todėl vienas geriausių būdų jų išvengti - pasirūpinti gera pusiausvyra, - aiškino ji.",https://www.delfi.lt/gyvenimas/grozis_ir_sveikata/negalite-isstoveti-10-sekundziu-ant-vienos-kojos-medikai-jums-turi-blogu-ziniu-120240067
